// Generated from cube.png by tools/convert_assets.py
// RGB565, row-major. const so it stays in flash and is sampled in place.
#pragma once
#include <cstdint>

#define TEX_CUBE_W 128
#define TEX_CUBE_H 128

static const uint16_t tex_cube_data[16384] = {
	0xF80E, 0xF80E, 0xF80E, 0xF80E, 0xF80E, 0xF80E, 0xF80E, 0xF80E, 0xF80E, 0xF80E, 0xF80E, 0xF80E,
	0xF80E, 0xF80E, 0xF80E, 0xF80E, 0xF80E, 0xF80E, 0xF82E, 0xF80E, 0xF80E, 0xF9AE, 0xFE0D, 0xFFEC,
	0xFFEC, 0xFF6D, 0xFF8D, 0xFFAD, 0xFFAD, 0xFFAD, 0xFFAD, 0xFFAD, 0xFFAD, 0xFFAD, 0xFFAD, 0xFFAD,
	0xFFAD, 0xFFAD, 0xFFAD, 0xFFAD, 0xFFAD, 0xFFAD, 0xFFAD, 0xFFAD, 0xFFAD, 0xFFAD, 0xFFAD, 0xFFAD,
	0xFFAD, 0xFFAD, 0xFFAD, 0xFFAD, 0xFFAD, 0xFFAD, 0xFFAD, 0xFFAD, 0xFFAD, 0xFFAD, 0xFFAD, 0xFFAD,
	0xFFAD, 0xFFAD, 0xFFAD, 0xFFAD, 0xFFAD, 0xFFAD, 0xFFAD, 0xFFAD, 0xFFAD, 0xFFAD, 0xFFAD, 0xFFAD,
	0xFFAD, 0xFFAD, 0xFFAD, 0xFFAD, 0xFFAD, 0xFFAD, 0xFFAD, 0xFFAD, 0xFFAD, 0xFFAD, 0xFFAD, 0xFFAD,
	0xFFAD, 0xFFAD, 0xFFAD, 0xFFAD, 0xFFAD, 0xFFAD, 0xFFAD, 0xFFAD, 0xFFAD, 0xFFAD, 0xFFAD, 0xFFAD,
	0xFFAD, 0xFFAD, 0xFFAD, 0xFFAD, 0xFFAD, 0xFF8D, 0xFF6D, 0xFFEC, 0xFFEC, 0xFE0D, 0xF9AE, 0xF80E,
	0xF80E, 0xF82E, 0xF80E, 0xF80E, 0xF80E, 0xF80E, 0xF80E, 0xF80E, 0xF80E, 0xF80E, 0xF80E, 0xF80E,
	0xF80E, 0xF80E, 0xF80E, 0xF80E, 0xF80E, 0xF80E, 0xF80E, 0xF80E, 0xF80E, 0xF80E, 0xF80E, 0xF80E,
	0xF80E, 0xF80E, 0xF80E, 0xF80E, 0xF80E, 0xF80E, 0xF80E, 0xF80E, 0xF80E, 0xF80E, 0xF80E, 0xF80E,
	0xF80E, 0xF80E, 0xF82E, 0xF80E, 0xF80E, 0xF9AE, 0xFE0D, 0xFFEC, 0xFFEC, 0xFF6D, 0xFF8D, 0xFFAD,
	0xFFAD, 0xFFAD, 0xFFAD, 0xFFAD, 0xFFAD, 0xFFAD, 0xFFAD, 0xFFAD, 0xFFAD, 0xFFAD, 0xFFAD, 0xFFAD,
	0xFFAD, 0xFFAD, 0xFFAD, 0xFFAD, 0xFFAD, 0xFFAD, 0xFFAD, 0xFFAD, 0xFFAD, 0xFFAD, 0xFFAD, 0xFFAD,
	0xFFAD, 0xFFAD, 0xFFAD, 0xFFAD, 0xFFAD, 0xFFAD, 0xFFAD, 0xFFAD, 0xFFAD, 0xFFAD, 0xFFAD, 0xFFAD,
	0xFFAD, 0xFFAD, 0xFFAD, 0xFFAD, 0xFFAD, 0xFFAD, 0xFFAD, 0xFFAD, 0xFFAD, 0xFFAD, 0xFFAD, 0xFFAD,
	0xFFAD, 0xFFAD, 0xFFAD, 0xFFAD, 0xFFAD, 0xFFAD, 0xFFAD, 0xFFAD, 0xFFAD, 0xFFAD, 0xFFAD, 0xFFAD,
	0xFFAD, 0xFFAD, 0xFFAD, 0xFFAD, 0xFFAD, 0xFFAD, 0xFFAD, 0xFFAD, 0xFFAD, 0xFFAD, 0xFFAD, 0xFFAD,
	0xFFAD, 0xFF8D, 0xFF6D, 0xFFEC, 0xFFEC, 0xFE0D, 0xF9AE, 0xF80E, 0xF80E, 0xF82E, 0xF80E, 0xF80E,
	0xF80E, 0xF80E, 0xF80E, 0xF80E, 0xF80E, 0xF80E, 0xF80E, 0xF80E, 0xF80E, 0xF80E, 0xF80E, 0xF80E,
	0xF80E, 0xF80E, 0xF80E, 0xF80E, 0xF80E, 0xF80E, 0xF80E, 0xF80E, 0xF80E, 0xF80E, 0xF80E, 0xF80E,
	0xF80E, 0xF80E, 0xF80E, 0xF80E, 0xF80E, 0xF80E, 0xF80E, 0xF80E, 0xF80E, 0xF80E, 0xF82E, 0xF80E,
	0xF80E, 0xF9AE, 0xFE0D, 0xFFEC, 0xFFEC, 0xFF6D, 0xFF8D, 0xFFAD, 0xFFAD, 0xFFAD, 0xFFAD, 0xFFAD,
	0xFFAD, 0xFFAD, 0xFFAD, 0xFFAD, 0xFFAD, 0xFFAD, 0xFFAD, 0xFFAD, 0xFFAD, 0xFFAD, 0xFFAD, 0xFFAD,
	0xFFAD, 0xFFAD, 0xFFAD, 0xFFAD, 0xFFAD, 0xFFAD, 0xFFAD, 0xFFAD, 0xFFAD, 0xFFAD, 0xFFAD, 0xFFAD,
	0xFFAD, 0xFFAD, 0xFFAD, 0xFFAD, 0xFFAD, 0xFFAD, 0xFFAD, 0xFFAD, 0xFFAD, 0xFFAD, 0xFFAD, 0xFFAD,
	0xFFAD, 0xFFAD, 0xFFAD, 0xFFAD, 0xFFAD, 0xFFAD, 0xFFAD, 0xFFAD, 0xFFAD, 0xFFAD, 0xFFAD, 0xFFAD,
	0xFFAD, 0xFFAD, 0xFFAD, 0xFFAD, 0xFFAD, 0xFFAD, 0xFFAD, 0xFFAD, 0xFFAD, 0xFFAD, 0xFFAD, 0xFFAD,
	0xFFAD, 0xFFAD, 0xFFAD, 0xFFAD, 0xFFAD, 0xFFAD, 0xFFAD, 0xFFAD, 0xFFAD, 0xFF8D, 0xFF6D, 0xFFEC,
	0xFFEC, 0xFE0D, 0xF9AE, 0xF80E, 0xF80E, 0xF82E, 0xF80E, 0xF80E, 0xF80E, 0xF80E, 0xF80E, 0xF80E,
	0xF80E, 0xF80E, 0xF80E, 0xF80E, 0xF80E, 0xF80E, 0xF80E, 0xF80E, 0xF80E, 0xF80E, 0xF80E, 0xF80E,
	0xF80E, 0xF80E, 0xF80E, 0xF80E, 0xF80E, 0xF80E, 0xF80E, 0xF80E, 0xF80E, 0xF80E, 0xF80E, 0xF80E,
	0xF80E, 0xF80E, 0xF80E, 0xF80E, 0xF80E, 0xF80E, 0xF82E, 0xF80E, 0xF80E, 0xF9AE, 0xFE0D, 0xFFEC,
	0xFFEC, 0xFF6D, 0xFF8D, 0xFFAD, 0xFFAD, 0xFFAD, 0xFFAD, 0xFFAD, 0xFFAD, 0xFFAD, 0xFFAD, 0xFFAD,
	0xFFAD, 0xFFAD, 0xFFAD, 0xFFAD, 0xFFAD, 0xFFAD, 0xFFAD, 0xFFAD, 0xFFAD, 0xFFAD, 0xFFAD, 0xFFAD,
	0xFFAD, 0xFFAD, 0xFFAD, 0xFFAD, 0xFFAD, 0xFFAD, 0xFFAD, 0xFFAD, 0xFFAD, 0xFFAD, 0xFFAD, 0xFFAD,
	0xFFAD, 0xFFAD, 0xFFAD, 0xFFAD, 0xFFAD, 0xFFAD, 0xFFAD, 0xFFAD, 0xFFAD, 0xFFAD, 0xFFAD, 0xFFAD,
	0xFFAD, 0xFFAD, 0xFFAD, 0xFFAD, 0xFFAD, 0xFFAD, 0xFFAD, 0xFFAD, 0xFFAD, 0xFFAD, 0xFFAD, 0xFFAD,
	0xFFAD, 0xFFAD, 0xFFAD, 0xFFAD, 0xFFAD, 0xFFAD, 0xFFAD, 0xFFAD, 0xFFAD, 0xFFAD, 0xFFAD, 0xFFAD,
	0xFFAD, 0xFFAD, 0xFFAD, 0xFFAD, 0xFFAD, 0xFF8D, 0xFF6D, 0xFFEC, 0xFFEC, 0xFE0D, 0xF9AE, 0xF80E,
	0xF80E, 0xF82E, 0xF80E, 0xF80E, 0xF80E, 0xF80E, 0xF80E, 0xF80E, 0xF80E, 0xF80E, 0xF80E, 0xF80E,
	0xF80E, 0xF80E, 0xF80E, 0xF80E, 0xF80E, 0xF80E, 0xF80E, 0xF80E, 0xF80E, 0xF80E, 0xF80E, 0xF80E,
	0xF80E, 0xF80E, 0xF80E, 0xF80E, 0xF80E, 0xF80E, 0xF80E, 0xF80E, 0xF80E, 0xF80E, 0xF80E, 0xF80E,
	0xF80E, 0xF80E, 0xF82E, 0xF80E, 0xF80E, 0xF9AE, 0xFE0D, 0xFFEC, 0xFFEC, 0xFF6D, 0xFF8D, 0xFFAD,
	0xFFAD, 0xFFAD, 0xFFAD, 0xFFAD, 0xFFAD, 0xFFAD, 0xFFAD, 0xFFAD, 0xFFAD, 0xFFAD, 0xFFAD, 0xFFAD,
	0xFFAD, 0xFFAD, 0xFFAD, 0xFFAD, 0xFFAD, 0xFFAD, 0xFFAD, 0xFFAD, 0xFFAD, 0xFFAD, 0xFFAD, 0xFFAD,
	0xFFAD, 0xFFAD, 0xFFAD, 0xFFAD, 0xFFAD, 0xFFAD, 0xFFAD, 0xFFAD, 0xFFAD, 0xFFAD, 0xFFAD, 0xFFAD,
	0xFFAD, 0xFFAD, 0xFFAD, 0xFFAD, 0xFFAD, 0xFFAD, 0xFFAD, 0xFFAD, 0xFFAD, 0xFFAD, 0xFFAD, 0xFFAD,
	0xFFAD, 0xFFAD, 0xFFAD, 0xFFAD, 0xFFAD, 0xFFAD, 0xFFAD, 0xFFAD, 0xFFAD, 0xFFAD, 0xFFAD, 0xFFAD,
	0xFFAD, 0xFFAD, 0xFFAD, 0xFFAD, 0xFFAD, 0xFFAD, 0xFFAD, 0xFFAD, 0xFFAD, 0xFFAD, 0xFFAD, 0xFFAD,
	0xFFAD, 0xFF8D, 0xFF6D, 0xFFEC, 0xFFEC, 0xFE0D, 0xF9AE, 0xF80E, 0xF80E, 0xF82E, 0xF80E, 0xF80E,
	0xF80E, 0xF80E, 0xF80E, 0xF80E, 0xF80E, 0xF80E, 0xF80E, 0xF80E, 0xF80E, 0xF80E, 0xF80E, 0xF80E,
	0xF80E, 0xF80E, 0xF80E, 0xF80E, 0xF80E, 0xF80E, 0xF80E, 0xF80E, 0xF80E, 0xF80E, 0xF80E, 0xF80E,
	0xF80E, 0xF80E, 0xF80E, 0xF80E, 0xF80E, 0xF80E, 0xF80E, 0xF80E, 0xF80E, 0xF80E, 0xF82E, 0xF80E,
	0xF80E, 0xF9AE, 0xFE0D, 0xFFEC, 0xFFEC, 0xFF6D, 0xFF8D, 0xFFAD, 0xFFAD, 0xFFAD, 0xFFAD, 0xFFAD,
	0xFFAD, 0xFFAD, 0xFFAD, 0xFFAD, 0xFFAD, 0xFFAD, 0xFFAD, 0xFFAD, 0xFFAD, 0xFFAD, 0xFFAD, 0xFFAD,
	0xFFAD, 0xFFAD, 0xFFAD, 0xFFAD, 0xFFAD, 0xFFAD, 0xFFAD, 0xFFAD, 0xFFAD, 0xFFAD, 0xFFAD, 0xFFAD,
	0xFFAD, 0xFFAD, 0xFFAD, 0xFFAD, 0xFFAD, 0xFFAD, 0xFFAD, 0xFFAD, 0xFFAD, 0xFFAD, 0xFFAD, 0xFFAD,
	0xFFAD, 0xFFAD, 0xFFAD, 0xFFAD, 0xFFAD, 0xFFAD, 0xFFAD, 0xFFAD, 0xFFAD, 0xFFAD, 0xFFAD, 0xFFAD,
	0xFFAD, 0xFFAD, 0xFFAD, 0xFFAD, 0xFFAD, 0xFFAD, 0xFFAD, 0xFFAD, 0xFFAD, 0xFFAD, 0xFFAD, 0xFFAD,
	0xFFAD, 0xFFAD, 0xFFAD, 0xFFAD, 0xFFAD, 0xFFAD, 0xFFAD, 0xFFAD, 0xFFAD, 0xFF8D, 0xFF6D, 0xFFEC,
	0xFFEC, 0xFE0D, 0xF9AE, 0xF80E, 0xF80E, 0xF82E, 0xF80E, 0xF80E, 0xF80E, 0xF80E, 0xF80E, 0xF80E,
	0xF80E, 0xF80E, 0xF80E, 0xF80E, 0xF80E, 0xF80E, 0xF80E, 0xF80E, 0xF80E, 0xF80E, 0xF80E, 0xF80E,
	0xF80E, 0xF80E, 0xF80E, 0xF80E, 0xF80E, 0xF80E, 0xF80E, 0xF80E, 0xF80E, 0xF80E, 0xF80E, 0xF80E,
	0xF80E, 0xF80E, 0xF80E, 0xF80E, 0xF80E, 0xF80E, 0xF82E, 0xF80E, 0xF80E, 0xF9AE, 0xFE0D, 0xFFEC,
	0xFFEC, 0xFF6D, 0xFF8D, 0xFFAD, 0xFFAD, 0xFFAD, 0xFFAD, 0xFFAD, 0xFFAD, 0xFFAD, 0xFFAD, 0xFFAD,
	0xFFAD, 0xFFAD, 0xFFAD, 0xFFAD, 0xFFAD, 0xFFAD, 0xFFAD, 0xFFAD, 0xFFAD, 0xFFAD, 0xFFAD, 0xFFAD,
	0xFFAD, 0xFFAD, 0xFFAD, 0xFFAD, 0xFFAD, 0xFFAD, 0xFFAD, 0xFFAD, 0xFFAD, 0xFFAD, 0xFFAD, 0xFFAD,
	0xFFAD, 0xFFAD, 0xFFAD, 0xFFAD, 0xFFAD, 0xFFAD, 0xFFAD, 0xFFAD, 0xFFAD, 0xFFAD, 0xFFAD, 0xFFAD,
	0xFFAD, 0xFFAD, 0xFFAD, 0xFFAD, 0xFFAD, 0xFFAD, 0xFFAD, 0xFFAD, 0xFFAD, 0xFFAD, 0xFFAD, 0xFFAD,
	0xFFAD, 0xFFAD, 0xFFAD, 0xFFAD, 0xFFAD, 0xFFAD, 0xFFAD, 0xFFAD, 0xFFAD, 0xFFAD, 0xFFAD, 0xFFAD,
	0xFFAD, 0xFFAD, 0xFFAD, 0xFFAD, 0xFFAD, 0xFF8D, 0xFF6D, 0xFFEC, 0xFFEC, 0xFE0D, 0xF9AE, 0xF80E,
	0xF80E, 0xF82E, 0xF80E, 0xF80E, 0xF80E, 0xF80E, 0xF80E, 0xF80E, 0xF80E, 0xF80E, 0xF80E, 0xF80E,
	0xF80E, 0xF80E, 0xF80E, 0xF80E, 0xF80E, 0xF80E, 0xF80E, 0xF80E, 0xF80E, 0xF80E, 0xF80E, 0xF80E,
	0xF80E, 0xF80E, 0xF80E, 0xF80E, 0xF80E, 0xF80E, 0xF80E, 0xF80E, 0xF80E, 0xF80E, 0xF80E, 0xF80E,
	0xF80E, 0xF80E, 0xF82E, 0xF80E, 0xF80E, 0xF9AE, 0xFE0D, 0xFFEC, 0xFFEC, 0xFF6D, 0xFF8D, 0xFFAD,
	0xFFAD, 0xFFAD, 0xFFAD, 0xFFAD, 0xFFAD, 0xFFAD, 0xFFAD, 0xFFAD, 0xFFAD, 0xFFAD, 0xFFAD, 0xFFAD,
	0xFFAD, 0xFFAD, 0xFFAD, 0xFFAD, 0xFFAD, 0xFFAD, 0xFFAD, 0xFFAD, 0xFFAD, 0xFFAD, 0xFFAD, 0xFFAD,
	0xFFAD, 0xFFAD, 0xFFAD, 0xFFAD, 0xFFAD, 0xFFAD, 0xFFAD, 0xFFAD, 0xFFAD, 0xFFAD, 0xFFAD, 0xFFAD,
	0xFFAD, 0xFFAD, 0xFFAD, 0xFFAD, 0xFFAD, 0xFFAD, 0xFFAD, 0xFFAD, 0xFFAD, 0xFFAD, 0xFFAD, 0xFFAD,
	0xFFAD, 0xFFAD, 0xFFAD, 0xFFAD, 0xFFAD, 0xFFAD, 0xFFAD, 0xFFAD, 0xFFAD, 0xFFAD, 0xFFAD, 0xFFAD,
	0xFFAD, 0xFFAD, 0xFFAD, 0xFFAD, 0xFFAD, 0xFFAD, 0xFFAD, 0xFFAD, 0xFFAD, 0xFFAD, 0xFFAD, 0xFFAD,
	0xFFAD, 0xFF8D, 0xFF6D, 0xFFEC, 0xFFEC, 0xFE0D, 0xF9AE, 0xF80E, 0xF80E, 0xF82E, 0xF80E, 0xF80E,
	0xF80E, 0xF80E, 0xF80E, 0xF80E, 0xF80E, 0xF80E, 0xF80E, 0xF80E, 0xF80E, 0xF80E, 0xF80E, 0xF80E,
	0xF80E, 0xF80E, 0xF80E, 0xF80E, 0xF80E, 0xF80E, 0xF80E, 0xF80E, 0xF80E, 0xF80E, 0xF80E, 0xF80E,
	0xF80E, 0xF80E, 0xF80E, 0xF80E, 0xF80E, 0xF80E, 0xF80E, 0xF80E, 0xF80E, 0xF80E, 0xF82E, 0xF80E,
	0xF80E, 0xF9AE, 0xFE0D, 0xFFEC, 0xFFEC, 0xFF6D, 0xFF8D, 0xFFAD, 0xFFAD, 0xFFAD, 0xFFAD, 0xFFAD,
	0xFFAD, 0xFFAD, 0xFFAD, 0xFFAD, 0xFFAD, 0xFFAD, 0xFFAD, 0xFFAD, 0xFFAD, 0xFFAD, 0xFFAD, 0xFFAD,
	0xFFAD, 0xFFAD, 0xFFAD, 0xFFAD, 0xFFAD, 0xFFAD, 0xFFAD, 0xFFAD, 0xFFAD, 0xFFAD, 0xFFAD, 0xFFAD,
	0xFFAD, 0xFFAD, 0xFFAD, 0xFFAD, 0xFFAD, 0xFFAD, 0xFFAD, 0xFFAD, 0xFFAD, 0xFFAD, 0xFFAD, 0xFFAD,
	0xFFAD, 0xFFAD, 0xFFAD, 0xFFAD, 0xFFAD, 0xFFAD, 0xFFAD, 0xFFAD, 0xFFAD, 0xFFAD, 0xFFAD, 0xFFAD,
	0xFFAD, 0xFFAD, 0xFFAD, 0xFFAD, 0xFFAD, 0xFFAD, 0xFFAD, 0xFFAD, 0xFFAD, 0xFFAD, 0xFFAD, 0xFFAD,
	0xFFAD, 0xFFAD, 0xFFAD, 0xFFAD, 0xFFAD, 0xFFAD, 0xFFAD, 0xFFAD, 0xFFAD, 0xFF8D, 0xFF6D, 0xFFEC,
	0xFFEC, 0xFE0D, 0xF9AE, 0xF80E, 0xF80E, 0xF82E, 0xF80E, 0xF80E, 0xF80E, 0xF80E, 0xF80E, 0xF80E,
	0xF80E, 0xF80E, 0xF80E, 0xF80E, 0xF80E, 0xF80E, 0xF80E, 0xF80E, 0xF80E, 0xF80E, 0xF80E, 0xF80E,
	0xF80E, 0xF80E, 0xF80E, 0xF80E, 0xF80E, 0xF80E, 0xF80E, 0xF80E, 0xF80E, 0xF80E, 0xF80E, 0xF80E,
	0xF80E, 0xF80E, 0xF80E, 0xF80E, 0xF80E, 0xF80E, 0xF82E, 0xF80E, 0xF80E, 0xF9AE, 0xFE0D, 0xFFEC,
	0xFFEC, 0xFF6D, 0xFF8D, 0xFFAD, 0xFFAD, 0xFFAD, 0xFFAD, 0xFFAD, 0xFFAD, 0xFFAD, 0xFFAD, 0xFFAD,
	0xFFAD, 0xFFAD, 0xFFAD, 0xFFAD, 0xFFAD, 0xFFAD, 0xFFAD, 0xFFAD, 0xFFAD, 0xFFAD, 0xFFAD, 0xFFAD,
	0xFFAD, 0xFFAD, 0xFFAD, 0xFFAD, 0xFFAD, 0xFFAD, 0xFFAD, 0xFFAD, 0xFFAD, 0xFFAD, 0xFFAD, 0xFFAD,
	0xFFAD, 0xFFAD, 0xFFAD, 0xFFAD, 0xFFAD, 0xFFAD, 0xFFAD, 0xFFAD, 0xFFAD, 0xFFAD, 0xFFAD, 0xFFAD,
	0xFFAD, 0xFFAD, 0xFFAD, 0xFFAD, 0xFFAD, 0xFFAD, 0xFFAD, 0xFFAD, 0xFFAD, 0xFFAD, 0xFFAD, 0xFFAD,
	0xFFAD, 0xFFAD, 0xFFAD, 0xFFAD, 0xFFAD, 0xFFAD, 0xFFAD, 0xFFAD, 0xFFAD, 0xFFAD, 0xFFAD, 0xFFAD,
	0xFFAD, 0xFFAD, 0xFFAD, 0xFFAD, 0xFFAD, 0xFF8D, 0xFF6D, 0xFFEC, 0xFFEC, 0xFE0D, 0xF9AE, 0xF80E,
	0xF80E, 0xF82E, 0xF80E, 0xF80E, 0xF80E, 0xF80E, 0xF80E, 0xF80E, 0xF80E, 0xF80E, 0xF80E, 0xF80E,
	0xF80E, 0xF80E, 0xF80E, 0xF80E, 0xF80E, 0xF80E, 0xF80E, 0xF80E, 0xF80E, 0xF80E, 0xF80E, 0xF80E,
	0xF80E, 0xF80E, 0xF80E, 0xF80E, 0xF80E, 0xF80E, 0xF80E, 0xF80E, 0xF80E, 0xF80E, 0xF80E, 0xF80E,
	0xF80E, 0xF80E, 0xF82E, 0xF80E, 0xF80E, 0xF9AE, 0xFE0D, 0xFFEC, 0xFFEC, 0xFF6D, 0xFF8D, 0xFFAD,
	0xFFAD, 0xFFAD, 0xFFAD, 0xFFAD, 0xFFAD, 0xFFAD, 0xFFAD, 0xFFAD, 0xFFAD, 0xFFAD, 0xFFAD, 0xFFAD,
	0xFFAD, 0xFFAD, 0xFFAD, 0xFFAD, 0xFFAD, 0xFFAD, 0xFFAD, 0xFFAD, 0xFFAD, 0xFFAD, 0xFFAD, 0xFFAD,
	0xFFAD, 0xFFAD, 0xFFAD, 0xFFAD, 0xFFAD, 0xFFAD, 0xFFAD, 0xFFAD, 0xFFAD, 0xFFAD, 0xFFAD, 0xFFAD,
	0xFFAD, 0xFFAD, 0xFFAD, 0xFFAD, 0xFFAD, 0xFFAD, 0xFFAD, 0xFFAD, 0xFFAD, 0xFFAD, 0xFFAD, 0xFFAD,
	0xFFAD, 0xFFAD, 0xFFAD, 0xFFAD, 0xFFAD, 0xFFAD, 0xFFAD, 0xFFAD, 0xFFAD, 0xFFAD, 0xFFAD, 0xFFAD,
	0xFFAD, 0xFFAD, 0xFFAD, 0xFFAD, 0xFFAD, 0xFFAD, 0xFFAD, 0xFFAD, 0xFFAD, 0xFFAD, 0xFFAD, 0xFFAD,
	0xFFAD, 0xFF8D, 0xFF6D, 0xFFEC, 0xFFEC, 0xFE0D, 0xF9AE, 0xF80E, 0xF80E, 0xF82E, 0xF80E, 0xF80E,
	0xF80E, 0xF80E, 0xF80E, 0xF80E, 0xF80E, 0xF80E, 0xF80E, 0xF80E, 0xF80E, 0xF80E, 0xF80E, 0xF80E,
	0xF80E, 0xF80E, 0xF80E, 0xF80E, 0xF80E, 0xF80E, 0xF80E, 0xF80E, 0xF80E, 0xF80E, 0xF80E, 0xF80E,
	0xF80E, 0xF80E, 0xF80E, 0xF80E, 0xF80E, 0xF80E, 0xF80E, 0xF80E, 0xF80E, 0xF80E, 0xF82E, 0xF80E,
	0xF80E, 0xF9AE, 0xFE0D, 0xFFEC, 0xFFEC, 0xFF6D, 0xFF8D, 0xFFAD, 0xFFAD, 0xFFAD, 0xFFAD, 0xFFAD,
	0xFFAD, 0xFFAD, 0xFFAD, 0xFFAD, 0xFFAD, 0xFFAD, 0xFFAD, 0xFFAD, 0xFFAD, 0xFFAD, 0xFFAD, 0xFFAD,
	0xFFAD, 0xFFAD, 0xFFAD, 0xFFAD, 0xFFAD, 0xFFAD, 0xFFAD, 0xFFAD, 0xFFAD, 0xFFAD, 0xFFAD, 0xFFAD,
	0xFFAD, 0xFFAD, 0xFFAD, 0xFFAD, 0xFFAD, 0xFFAD, 0xFFAD, 0xFFAD, 0xFFAD, 0xFFAD, 0xFFAD, 0xFFAD,
	0xFFAD, 0xFFAD, 0xFFAD, 0xFFAD, 0xFFAD, 0xFFAD, 0xFFAD, 0xFFAD, 0xFFAD, 0xFFAD, 0xFFAD, 0xFFAD,
	0xFFAD, 0xFFAD, 0xFFAD, 0xFFAD, 0xFFAD, 0xFFAD, 0xFFAD, 0xFFAD, 0xFFAD, 0xFFAD, 0xFFAD, 0xFFAD,
	0xFFAD, 0xFFAD, 0xFFAD, 0xFFAD, 0xFFAD, 0xFFAD, 0xFFAD, 0xFFAD, 0xFFAD, 0xFF8D, 0xFF6D, 0xFFEC,
	0xFFEC, 0xFE0D, 0xF9AE, 0xF80E, 0xF80E, 0xF82E, 0xF80E, 0xF80E, 0xF80E, 0xF80E, 0xF80E, 0xF80E,
	0xF80E, 0xF80E, 0xF80E, 0xF80E, 0xF80E, 0xF80E, 0xF80E, 0xF80E, 0xF80E, 0xF80E, 0xF80E, 0xF80E,
	0xF80E, 0xF80E, 0xF80E, 0xF80E, 0xF80E, 0xF80E, 0xF80E, 0xF80E, 0xF80E, 0xF80E, 0xF80E, 0xF80E,
	0xF80E, 0xF80E, 0xF80E, 0xF80E, 0xF80E, 0xF80E, 0xF82E, 0xF80E, 0xF80E, 0xF9AE, 0xFE0D, 0xFFEC,
	0xFFEC, 0xFF6D, 0xFF8D, 0xFFAD, 0xFFAD, 0xFFAD, 0xFFAD, 0xFFAD, 0xFFAD, 0xFFAD, 0xFFAD, 0xFFAD,
	0xFFAD, 0xFFAD, 0xFFAD, 0xFFAD, 0xFFAD, 0xFFAD, 0xFFAD, 0xFFAD, 0xFFAD, 0xFFAD, 0xFFAD, 0xFFAD,
	0xFFAD, 0xFFAD, 0xFFAD, 0xFFAD, 0xFFAD, 0xFFAD, 0xFFAD, 0xFFAD, 0xFFAD, 0xFFAD, 0xFFAD, 0xFFAD,
	0xFFAD, 0xFFAD, 0xFFAD, 0xFFAD, 0xFFAD, 0xFFAD, 0xFFAD, 0xFFAD, 0xFFAD, 0xFFAD, 0xFFAD, 0xFFAD,
	0xFFAD, 0xFFAD, 0xFFAD, 0xFFAD, 0xFFAD, 0xFFAD, 0xFFAD, 0xFFAD, 0xFFAD, 0xFFAD, 0xFFAD, 0xFFAD,
	0xFFAD, 0xFFAD, 0xFFAD, 0xFFAD, 0xFFAD, 0xFFAD, 0xFFAD, 0xFFAD, 0xFFAD, 0xFFAD, 0xFFAD, 0xFFAD,
	0xFFAD, 0xFFAD, 0xFFAD, 0xFFAD, 0xFFAD, 0xFF8D, 0xFF6D, 0xFFEC, 0xFFEC, 0xFE0D, 0xF9AE, 0xF80E,
	0xF80E, 0xF82E, 0xF80E, 0xF80E, 0xF80E, 0xF80E, 0xF80E, 0xF80E, 0xF80E, 0xF80E, 0xF80E, 0xF80E,
	0xF80E, 0xF80E, 0xF80E, 0xF80E, 0xF80E, 0xF80E, 0xF80E, 0xF80E, 0xF80E, 0xF80E, 0xF80E, 0xF80E,
	0xF80E, 0xF80E, 0xF80E, 0xF80E, 0xF80E, 0xF80E, 0xF80E, 0xF80E, 0xF80E, 0xF80E, 0xF80E, 0xF80E,
	0xF80E, 0xF80E, 0xF82E, 0xF80E, 0xF80E, 0xF9AE, 0xFE0D, 0xFFEC, 0xFFEC, 0xFF6D, 0xFF8D, 0xFFAD,
	0xFFAD, 0xFFAD, 0xFFAD, 0xFFAD, 0xFFAD, 0xFFAD, 0xFFAD, 0xFFAD, 0xFFAD, 0xFFAD, 0xFFAD, 0xFFAD,
	0xFFAD, 0xFFAD, 0xFFAD, 0xFFAD, 0xFFAD, 0xFFAD, 0xFFAD, 0xFFAD, 0xFFAD, 0xFFAD, 0xFFAD, 0xFFAD,
	0xFFAD, 0xFFAD, 0xFFAD, 0xFFAD, 0xFFAD, 0xFFAD, 0xFFAD, 0xFFAD, 0xFFAD, 0xFFAD, 0xFFAD, 0xFFAD,
	0xFFAD, 0xFFAD, 0xFFAD, 0xFFAD, 0xFFAD, 0xFFAD, 0xFFAD, 0xFFAD, 0xFFAD, 0xFFAD, 0xFFAD, 0xFFAD,
	0xFFAD, 0xFFAD, 0xFFAD, 0xFFAD, 0xFFAD, 0xFFAD, 0xFFAD, 0xFFAD, 0xFFAD, 0xFFAD, 0xFFAD, 0xFFAD,
	0xFFAD, 0xFFAD, 0xFFAD, 0xFFAD, 0xFFAD, 0xFFAD, 0xFFAD, 0xFFAD, 0xFFAD, 0xFFAD, 0xFFAD, 0xFFAD,
	0xFFAD, 0xFF8D, 0xFF6D, 0xFFEC, 0xFFEC, 0xFE0D, 0xF9AE, 0xF80E, 0xF80E, 0xF82E, 0xF80E, 0xF80E,
	0xF80E, 0xF80E, 0xF80E, 0xF80E, 0xF80E, 0xF80E, 0xF80E, 0xF80E, 0xF80E, 0xF80E, 0xF80E, 0xF80E,
	0xF80E, 0xF80E, 0xF80E, 0xF80E, 0xF80E, 0xF80E, 0xF80E, 0xF80E, 0xF80E, 0xF80E, 0xF80E, 0xF80E,
	0xF80E, 0xF80E, 0xF80E, 0xF80E, 0xF80E, 0xF80E, 0xF80E, 0xF80E, 0xF80E, 0xF80E, 0xF82E, 0xF80E,
	0xF80E, 0xF9AE, 0xFE0D, 0xFFEC, 0xFFEC, 0xFF6D, 0xFF8D, 0xFFAD, 0xFFAD, 0xFFAD, 0xFFAD, 0xFFAD,
	0xFFAD, 0xFFAD, 0xFFAD, 0xFFAD, 0xFFAD, 0xFFAD, 0xFFAD, 0xFFAD, 0xFFAD, 0xFFAD, 0xFFAD, 0xFFAD,
	0xFFAD, 0xFFAD, 0xFFAD, 0xFFAD, 0xFFAD, 0xFFAD, 0xFFAD, 0xFFAD, 0xFFAD, 0xFFAD, 0xFFAD, 0xFFAD,
	0xFFAD, 0xFFAD, 0xFFAD, 0xFFAD, 0xFFAD, 0xFFAD, 0xFFAD, 0xFFAD, 0xFFAD, 0xFFAD, 0xFFAD, 0xFFAD,
	0xFFAD, 0xFFAD, 0xFFAD, 0xFFAD, 0xFFAD, 0xFFAD, 0xFFAD, 0xFFAD, 0xFFAD, 0xFFAD, 0xFFAD, 0xFFAD,
	0xFFAD, 0xFFAD, 0xFFAD, 0xFFAD, 0xFFAD, 0xFFAD, 0xFFAD, 0xFFAD, 0xFFAD, 0xFFAD, 0xFFAD, 0xFFAD,
	0xFFAD, 0xFFAD, 0xFFAD, 0xFFAD, 0xFFAD, 0xFFAD, 0xFFAD, 0xFFAD, 0xFFAD, 0xFF8D, 0xFF6D, 0xFFEC,
	0xFFEC, 0xFE0D, 0xF9AE, 0xF80E, 0xF80E, 0xF82E, 0xF80E, 0xF80E, 0xF80E, 0xF80E, 0xF80E, 0xF80E,
	0xF80E, 0xF80E, 0xF80E, 0xF80E, 0xF80E, 0xF80E, 0xF80E, 0xF80E, 0xF80E, 0xF80E, 0xF80E, 0xF80E,
	0xF80E, 0xF80E, 0xF80E, 0xF80E, 0xF80E, 0xF80E, 0xF80E, 0xF80E, 0xF80E, 0xF80E, 0xF80E, 0xF80E,
	0xF80E, 0xF80E, 0xF80E, 0xF80E, 0xF80E, 0xF80E, 0xF82E, 0xF80E, 0xF80E, 0xF9AE, 0xFE0D, 0xFFEC,
	0xFFEC, 0xFF6D, 0xFF8D, 0xFFAD, 0xFFAD, 0xFFAD, 0xFFAD, 0xFFAD, 0xFFAD, 0xFFAD, 0xFFAD, 0xFFAD,
	0xFFAD, 0xFFAD, 0xFFAD, 0xFFAD, 0xFFAD, 0xFFAD, 0xFFAD, 0xFFAD, 0xFFAD, 0xFFAD, 0xFFAD, 0xFFAD,
	0xFFAD, 0xFFAD, 0xFFAD, 0xFFAD, 0xFFAD, 0xFFAD, 0xFFAD, 0xFFAD, 0xFFAD, 0xFFAD, 0xFFAD, 0xFFAD,
	0xFFAD, 0xFFAD, 0xFFAD, 0xFFAD, 0xFFAD, 0xFFAD, 0xFFAD, 0xFFAD, 0xFFAD, 0xFFAD, 0xFFAD, 0xFFAD,
	0xFFAD, 0xFFAD, 0xFFAD, 0xFFAD, 0xFFAD, 0xFFAD, 0xFFAD, 0xFFAD, 0xFFAD, 0xFFAD, 0xFFAD, 0xFFAD,
	0xFFAD, 0xFFAD, 0xFFAD, 0xFFAD, 0xFFAD, 0xFFAD, 0xFFAD, 0xFFAD, 0xFFAD, 0xFFAD, 0xFFAD, 0xFFAD,
	0xFFAD, 0xFFAD, 0xFFAD, 0xFFAD, 0xFFAD, 0xFF8D, 0xFF6D, 0xFFEC, 0xFFEC, 0xFE0D, 0xF9AE, 0xF80E,
	0xF80E, 0xF82E, 0xF80E, 0xF80E, 0xF80E, 0xF80E, 0xF80E, 0xF80E, 0xF80E, 0xF80E, 0xF80E, 0xF80E,
	0xF80E, 0xF80E, 0xF80E, 0xF80E, 0xF80E, 0xF80E, 0xF80E, 0xF80E, 0xF80E, 0xF80E, 0xF80E, 0xF80E,
	0xF80E, 0xF80E, 0xF80E, 0xF80E, 0xF80E, 0xF80E, 0xF80E, 0xF80E, 0xF80E, 0xF80E, 0xF80E, 0xF80E,
	0xF80E, 0xF80E, 0xF82E, 0xF80E, 0xF80E, 0xF9AE, 0xFE0D, 0xFFEC, 0xFFEC, 0xFF6D, 0xFF8D, 0xFFAD,
	0xFFAD, 0xFFAD, 0xFFAD, 0xFFAD, 0xFFAD, 0xFFAD, 0xFFAD, 0xFFAD, 0xFFAD, 0xFFAD, 0xFFAD, 0xFFAD,
	0xFFAD, 0xFFAD, 0xFFAD, 0xFFAD, 0xFFAD, 0xFFAD, 0xFFAD, 0xFFAD, 0xFFAD, 0xFFAD, 0xFFAD, 0xFFAD,
	0xFFAD, 0xFFAD, 0xFFAD, 0xFFAD, 0xFFAD, 0xFFAD, 0xFFAD, 0xFFAD, 0xFFAD, 0xFFAD, 0xFFAD, 0xFFAD,
	0xFFAD, 0xFFAD, 0xFFAD, 0xFFAD, 0xFFAD, 0xFFAD, 0xFFAD, 0xFFAD, 0xFFAD, 0xFFAD, 0xFFAD, 0xFFAD,
	0xFFAD, 0xFFAD, 0xFFAD, 0xFFAD, 0xFFAD, 0xFFAD, 0xFFAD, 0xFFAD, 0xFFAD, 0xFFAD, 0xFFAD, 0xFFAD,
	0xFFAD, 0xFFAD, 0xFFAD, 0xFFAD, 0xFFAD, 0xFFAD, 0xFFAD, 0xFFAD, 0xFFAD, 0xFFAD, 0xFFAD, 0xFFAD,
	0xFFAD, 0xFF8D, 0xFF6D, 0xFFEC, 0xFFEC, 0xFE0D, 0xF9AE, 0xF80E, 0xF80E, 0xF82E, 0xF80E, 0xF80E,
	0xF80E, 0xF80E, 0xF80E, 0xF80E, 0xF80E, 0xF80E, 0xF80E, 0xF80E, 0xF80E, 0xF80E, 0xF80E, 0xF80E,
	0xF80E, 0xF80E, 0xF80E, 0xF80E, 0xF80E, 0xF80E, 0xF80E, 0xF80E, 0xF80E, 0xF80E, 0xF80E, 0xF80E,
	0xF80E, 0xF80E, 0xF80E, 0xF80E, 0xF80E, 0xF80E, 0xF80E, 0xF80E, 0xF80E, 0xF80E, 0xF82E, 0xF80E,
	0xF80E, 0xF9AE, 0xFE0D, 0xFFEC, 0xFFEC, 0xFF6D, 0xFF8D, 0xFFAD, 0xFFAD, 0xFFAD, 0xFFAD, 0xFFAD,
	0xFFAD, 0xFFAD, 0xFFAD, 0xFFAD, 0xFFAD, 0xFFAD, 0xFFAD, 0xFFAD, 0xFFAD, 0xFFAD, 0xFFAD, 0xFFAD,
	0xFFAD, 0xFFAD, 0xFFAD, 0xFFAD, 0xFFAD, 0xFFAD, 0xFFAD, 0xFFAD, 0xFFAD, 0xFFAD, 0xFFAD, 0xFFAD,
	0xFFAD, 0xFFAD, 0xFFAD, 0xFFAD, 0xFFAD, 0xFFAD, 0xFFAD, 0xFFAD, 0xFFAD, 0xFFAD, 0xFFAD, 0xFFAD,
	0xFFAD, 0xFFAD, 0xFFAD, 0xFFAD, 0xFFAD, 0xFFAD, 0xFFAD, 0xFFAD, 0xFFAD, 0xFFAD, 0xFFAD, 0xFFAD,
	0xFFAD, 0xFFAD, 0xFFAD, 0xFFAD, 0xFFAD, 0xFFAD, 0xFFAD, 0xFFAD, 0xFFAD, 0xFFAD, 0xFFAD, 0xFFAD,
	0xFFAD, 0xFFAD, 0xFFAD, 0xFFAD, 0xFFAD, 0xFFAD, 0xFFAD, 0xFFAD, 0xFFAD, 0xFF8D, 0xFF6D, 0xFFEC,
	0xFFEC, 0xFE0D, 0xF9AE, 0xF80E, 0xF80E, 0xF82E, 0xF80E, 0xF80E, 0xF80E, 0xF80E, 0xF80E, 0xF80E,
	0xF80E, 0xF80E, 0xF80E, 0xF80E, 0xF80E, 0xF80E, 0xF80E, 0xF80E, 0xF80E, 0xF80E, 0xF80E, 0xF80E,
	0xF80E, 0xF80E, 0xF80E, 0xF80E, 0xF80E, 0xF80E, 0xF80E, 0xF80E, 0xF80E, 0xF80E, 0xF80E, 0xF80E,
	0xF80E, 0xF80E, 0xF80E, 0xF80E, 0xF80E, 0xF80E, 0xF82E, 0xF80E, 0xF80E, 0xF9AE, 0xFE0D, 0xFFEC,
	0xFFEC, 0xFF6D, 0xFF8D, 0xFFAD, 0xFFAD, 0xFFAD, 0xFFAD, 0xFFAD, 0xFFAD, 0xFFAD, 0xFFAD, 0xFFAD,
	0xFFAD, 0xFFAD, 0xFFAD, 0xFFAD, 0xFFAD, 0xFFAD, 0xFFAD, 0xFFAD, 0xFFAD, 0xFFAD, 0xFFAD, 0xFFAD,
	0xFFAD, 0xFFAD, 0xFFAD, 0xFFAD, 0xFFAD, 0xFFAD, 0xFFAD, 0xFFAD, 0xFFAD, 0xFFAD, 0xFFAD, 0xFFAD,
	0xFFAD, 0xFFAD, 0xFFAD, 0xFFAD, 0xFFAD, 0xFFAD, 0xFFAD, 0xFFAD, 0xFFAD, 0xFFAD, 0xFFAD, 0xFFAD,
	0xFFAD, 0xFFAD, 0xFFAD, 0xFFAD, 0xFFAD, 0xFFAD, 0xFFAD, 0xFFAD, 0xFFAD, 0xFFAD, 0xFFAD, 0xFFAD,
	0xFFAD, 0xFFAD, 0xFFAD, 0xFFAD, 0xFFAD, 0xFFAD, 0xFFAD, 0xFFAD, 0xFFAD, 0xFFAD, 0xFFAD, 0xFFAD,
	0xFFAD, 0xFFAD, 0xFFAD, 0xFFAD, 0xFFAD, 0xFF8D, 0xFF6D, 0xFFEC, 0xFFEC, 0xFE0D, 0xF9AE, 0xF80E,
	0xF80E, 0xF82E, 0xF80E, 0xF80E, 0xF80E, 0xF80E, 0xF80E, 0xF80E, 0xF80E, 0xF80E, 0xF80E, 0xF80E,
	0xF80E, 0xF80E, 0xF80E, 0xF80E, 0xF80E, 0xF80E, 0xF80E, 0xF80E, 0xF80E, 0xF80E, 0xF80E, 0xF80E,
	0xF80E, 0xF80E, 0xF80E, 0xF80E, 0xF80E, 0xF80E, 0xF80E, 0xF80E, 0xF80E, 0xF80E, 0xF80E, 0xF80E,
	0xF80E, 0xF80E, 0xF82E, 0xF80E, 0xF80E, 0xF9AE, 0xFE0D, 0xFFED, 0xFFED, 0xFF6D, 0xFF8D, 0xFFAD,
	0xFFAD, 0xFFAD, 0xFFAD, 0xFFAD, 0xFFAD, 0xFFAD, 0xFFAD, 0xFFAD, 0xFFAD, 0xFFAD, 0xFFAD, 0xFFAD,
	0xFFAD, 0xFFAD, 0xFFAD, 0xFFAD, 0xFFAD, 0xFFAD, 0xFFAD, 0xFFAD, 0xFFAD, 0xFFAD, 0xFFAD, 0xFFAD,
	0xFFAD, 0xFFAD, 0xFFAD, 0xFFAD, 0xFFAD, 0xFFAD, 0xFFAD, 0xFFAD, 0xFFAD, 0xFFAD, 0xFFAD, 0xFFAD,
	0xFFAD, 0xFFAD, 0xFFAD, 0xFFAD, 0xFFAD, 0xFFAD, 0xFFAD, 0xFFAD, 0xFFAD, 0xFFAD, 0xFFAD, 0xFFAD,
	0xFFAD, 0xFFAD, 0xFFAD, 0xFFAD, 0xFFAD, 0xFFAD, 0xFFAD, 0xFFAD, 0xFFAD, 0xFFAD, 0xFFAD, 0xFFAD,
	0xFFAD, 0xFFAD, 0xFFAD, 0xFFAD, 0xFFAD, 0xFFAD, 0xFFAD, 0xFFAD, 0xFFAD, 0xFFAD, 0xFFAD, 0xFFAD,
	0xFFAD, 0xFF8D, 0xFF6D, 0xFFED, 0xFFED, 0xFE0D, 0xF9AE, 0xF80E, 0xF80E, 0xF82E, 0xF80E, 0xF80E,
	0xF80E, 0xF80E, 0xF80E, 0xF80E, 0xF80E, 0xF80E, 0xF80E, 0xF80E, 0xF80E, 0xF80E, 0xF80E, 0xF80E,
	0xF80E, 0xF80E, 0xF80E, 0xF80E, 0xF80E, 0xF80E, 0xF80E, 0xF80E, 0xF80E, 0xF80E, 0xF80E, 0xF80E,
	0xF80E, 0xF80E, 0xF80E, 0xF80E, 0xF80E, 0xF80E, 0xF80E, 0xF80E, 0xF80E, 0xF80E, 0xF82E, 0xF80E,
	0xF80E, 0xF9AE, 0xFDED, 0xF7ED, 0xF7ED, 0xFF6D, 0xF78D, 0xF78D, 0xF78D, 0xF78D, 0xF78D, 0xF78D,
	0xF78D, 0xF78D, 0xF78D, 0xF78D, 0xF78D, 0xF78D, 0xF78D, 0xF78D, 0xF78D, 0xF78D, 0xF78D, 0xF78D,
	0xF78D, 0xF78D, 0xF78D, 0xF78D, 0xF78D, 0xF78D, 0xF78D, 0xF78D, 0xF78D, 0xF78D, 0xF78D, 0xF78D,
	0xF78D, 0xF78D, 0xF78D, 0xF78D, 0xF78D, 0xF78D, 0xF78D, 0xF78D, 0xF78D, 0xF78D, 0xF78D, 0xF78D,
	0xF78D, 0xF78D, 0xF78D, 0xF78D, 0xF78D, 0xF78D, 0xF78D, 0xF78D, 0xF78D, 0xF78D, 0xF78D, 0xF78D,
	0xF78D, 0xF78D, 0xF78D, 0xF78D, 0xF78D, 0xF78D, 0xF78D, 0xF78D, 0xF78D, 0xF78D, 0xF78D, 0xF78D,
	0xF78D, 0xF78D, 0xF78D, 0xF78D, 0xF78D, 0xF78D, 0xF78D, 0xF78D, 0xF78D, 0xF78D, 0xFF6D, 0xF7ED,
	0xF7ED, 0xFDED, 0xF9AE, 0xF80E, 0xF80E, 0xF82E, 0xF80E, 0xF80E, 0xF80E, 0xF80E, 0xF80E, 0xF80E,
	0xF80E, 0xF80E, 0xF80E, 0xF80E, 0xF80E, 0xF80E, 0xF80E, 0xF80E, 0xF80E, 0xF80E, 0xF80E, 0xF80E,
	0xF80E, 0xF80E, 0xF80E, 0xF80E, 0xF80E, 0xF80E, 0xF80E, 0xF80E, 0xF80E, 0xF80E, 0xF80E, 0xF80E,
	0xF80E, 0xF80E, 0xF80E, 0xF80E, 0xF80E, 0xF80E, 0xF82E, 0xF80E, 0xF80E, 0xF9AD, 0xFE2C, 0xFFEB,
	0xFFEB, 0xFF8C, 0xFFAC, 0xFFCC, 0xFFCC, 0xFFCC, 0xFFCC, 0xFFCC, 0xFFCC, 0xFFCC, 0xFFCC, 0xFFCC,
	0xFFCC, 0xFFCC, 0xFFCC, 0xFFCC, 0xFFCC, 0xFFCC, 0xFFCC, 0xFFCC, 0xFFCC, 0xFFCC, 0xFFCC, 0xFFCC,
	0xFFCC, 0xFFCC, 0xFFCC, 0xFFCC, 0xFFCC, 0xFFCC, 0xFFCC, 0xFFCC, 0xFFCC, 0xFFCC, 0xFFCC, 0xFFCC,
	0xFFCC, 0xFFCC, 0xFFCC, 0xFFCC, 0xFFCC, 0xFFCC, 0xFFCC, 0xFFCC, 0xFFCC, 0xFFCC, 0xFFCC, 0xFFCC,
	0xFFCC, 0xFFCC, 0xFFCC, 0xFFCC, 0xFFCC, 0xFFCC, 0xFFCC, 0xFFCC, 0xFFCC, 0xFFCC, 0xFFCC, 0xFFCC,
	0xFFCC, 0xFFCC, 0xFFCC, 0xFFCC, 0xFFCC, 0xFFCC, 0xFFCC, 0xFFCC, 0xFFCC, 0xFFCC, 0xFFCC, 0xFFCC,
	0xFFCC, 0xFFCC, 0xFFCC, 0xFFCC, 0xFFCC, 0xFFAC, 0xFF8C, 0xFFEB, 0xFFEB, 0xFE2C, 0xF9AD, 0xF80E,
	0xF80E, 0xF82E, 0xF80E, 0xF80E, 0xF80E, 0xF80E, 0xF80E, 0xF80E, 0xF80E, 0xF80E, 0xF80E, 0xF80E,
	0xF80E, 0xF80E, 0xF80E, 0xF80E, 0xF80E, 0xF80E, 0xF80E, 0xF80E, 0xF80E, 0xF80E, 0xF80E, 0xF80E,
	0xF80E, 0xF80E, 0xF80E, 0xF80E, 0xF80E, 0xF80E, 0xF80E, 0xF80E, 0xF80E, 0xF80E, 0xF80E, 0xF80E,
	0xF80E, 0xF80E, 0xF82E, 0xF80E, 0xF80E, 0xF9AD, 0xFE2B, 0xFFEB, 0xFFEB, 0xFFAB, 0xFFCB, 0xFFEB,
	0xFFEB, 0xFFEB, 0xFFEB, 0xFFEB, 0xFFEB, 0xFFEB, 0xFFEB, 0xFFEB, 0xFFEB, 0xFFEB, 0xFFEB, 0xFFEB,
	0xFFEB, 0xFFEB, 0xFFEB, 0xFFEB, 0xFFEB, 0xFFEB, 0xFFEB, 0xFFEB, 0xFFEB, 0xFFEB, 0xFFEB, 0xFFEB,
	0xFFEB, 0xFFEB, 0xFFEB, 0xFFEB, 0xFFEB, 0xFFEB, 0xFFEB, 0xFFEB, 0xFFEB, 0xFFEB, 0xFFEB, 0xFFEB,
	0xFFEB, 0xFFEB, 0xFFEB, 0xFFEB, 0xFFEB, 0xFFEB, 0xFFEB, 0xFFEB, 0xFFEB, 0xFFEB, 0xFFEB, 0xFFEB,
	0xFFEB, 0xFFEB, 0xFFEB, 0xFFEB, 0xFFEB, 0xFFEB, 0xFFEB, 0xFFEB, 0xFFEB, 0xFFEB, 0xFFEB, 0xFFEB,
	0xFFEB, 0xFFEB, 0xFFEB, 0xFFEB, 0xFFEB, 0xFFEB, 0xFFEB, 0xFFEB, 0xFFEB, 0xFFEB, 0xFFEB, 0xFFEB,
	0xFFEB, 0xFFCB, 0xFFAB, 0xFFEB, 0xFFEB, 0xFE2B, 0xF9AD, 0xF80E, 0xF80E, 0xF82E, 0xF80E, 0xF80E,
	0xF80E, 0xF80E, 0xF80E, 0xF80E, 0xF80E, 0xF80E, 0xF80E, 0xF80E, 0xF80E, 0xF80E, 0xF80E, 0xF80E,
	0xF80E, 0xF80E, 0xF80E, 0xF80E, 0xF80E, 0xF80E, 0xF80E, 0xF80E, 0xF80E, 0xF80E, 0xF80E, 0xF80E,
	0xF80E, 0xF80E, 0xF80E, 0xF80E, 0xF80E, 0xF80E, 0xF80E, 0xF80E, 0xF80E, 0xF80E, 0xF82E, 0xF80E,
	0xF80E, 0xF18E, 0xD5B0, 0xCF90, 0xCF90, 0xCEF0, 0xCF30, 0xCF30, 0xCF30, 0xCF30, 0xCF30, 0xCF30,
	0xCF30, 0xCF30, 0xCF30, 0xCF30, 0xCF30, 0xCF30, 0xCF30, 0xCF30, 0xCF30, 0xCF30, 0xCF30, 0xCF30,
	0xCF30, 0xCF30, 0xCF30, 0xCF30, 0xCF30, 0xCF30, 0xCF30, 0xCF30, 0xCF30, 0xCF30, 0xCF30, 0xCF30,
	0xCF30, 0xCF30, 0xCF30, 0xCF30, 0xCF30, 0xCF30, 0xCF30, 0xCF30, 0xCF30, 0xCF30, 0xCF30, 0xCF30,
	0xCF30, 0xCF30, 0xCF30, 0xCF30, 0xCF30, 0xCF30, 0xCF30, 0xCF30, 0xCF30, 0xCF30, 0xCF30, 0xCF30,
	0xCF30, 0xCF30, 0xCF30, 0xCF30, 0xCF30, 0xCF30, 0xCF30, 0xCF30, 0xCF30, 0xCF30, 0xCF30, 0xCF30,
	0xCF30, 0xCF30, 0xCF30, 0xCF30, 0xCF30, 0xCF30, 0xCF30, 0xCF30, 0xCF30, 0xCF30, 0xCEF0, 0xCF90,
	0xCF90, 0xD5B0, 0xF18E, 0xF80E, 0xF80E, 0xF82E, 0xF80E, 0xF80E, 0xF80E, 0xF80E, 0xF80E, 0xF80E,
	0xF80E, 0xF80E, 0xF80E, 0xF80E, 0xF80E, 0xF80E, 0xF80E, 0xF80E, 0xF80E, 0xF80E, 0xF80E, 0xF80E,
	0xF80E, 0xF80E, 0xF80E, 0xF80E, 0xF80E, 0xF80E, 0xF80E, 0xF80E, 0xF80E, 0xF80E, 0xF80E, 0xF80E,
	0xF80E, 0xF80E, 0xF80E, 0xF80E, 0xF80E, 0xF80E, 0xF82E, 0xF80D, 0xF80D, 0xD150, 0x64B7, 0x367B,
	0x365B, 0x3DD9, 0x35FA, 0x35FA, 0x35FA, 0x35FA, 0x35FA, 0x35FA, 0x35FA, 0x35FA, 0x35FA, 0x35FA,
	0x35FA, 0x35FA, 0x35FA, 0x35FA, 0x35FA, 0x35FA, 0x35FA, 0x35FA, 0x35FA, 0x35FA, 0x35FA, 0x35FA,
	0x35FA, 0x35FA, 0x35FA, 0x35FA, 0x35FA, 0x35FA, 0x35FA, 0x35FA, 0x35FA, 0x35FA, 0x35FA, 0x35FA,
	0x35FA, 0x35FA, 0x35FA, 0x35FA, 0x35FA, 0x35FA, 0x35FA, 0x35FA, 0x35FA, 0x35FA, 0x35FA, 0x35FA,
	0x35FA, 0x35FA, 0x35FA, 0x35FA, 0x35FA, 0x35FA, 0x35FA, 0x35FA, 0x35FA, 0x35FA, 0x35FA, 0x35FA,
	0x35FA, 0x35FA, 0x35FA, 0x35FA, 0x35FA, 0x35FA, 0x35FA, 0x35FA, 0x35FA, 0x35FA, 0x35FA, 0x35FA,
	0x35FA, 0x35FA, 0x35FA, 0x35FA, 0x35FA, 0x35FA, 0x3DD9, 0x365B, 0x367B, 0x64B7, 0xD150, 0xF80D,
	0xF80D, 0xF82E, 0xF80E, 0xF80E, 0xF80E, 0xF80E, 0xF80E, 0xF80E, 0xF80E, 0xF80E, 0xF80E, 0xF80E,
	0xF80E, 0xF80E, 0xF80E, 0xF80E, 0xF80E, 0xF80E, 0xF80E, 0xF80E, 0xF80E, 0xF80E, 0xF80E, 0xF80E,
	0xF80E, 0xF80E, 0xF80E, 0xF80E, 0xF80E, 0xF80E, 0xF80E, 0xF80E, 0xF80E, 0xF80E, 0xF80E, 0xF80E,
	0xF80E, 0xF80E, 0xF02E, 0xF80D, 0xF80C, 0xC112, 0x241C, 0x05DF, 0x059F, 0x051F, 0x053F, 0x053F,
	0x053F, 0x053F, 0x053F, 0x053F, 0x053F, 0x053F, 0x053F, 0x053F, 0x053F, 0x053F, 0x053F, 0x053F,
	0x053F, 0x053F, 0x053F, 0x053F, 0x053F, 0x053F, 0x053F, 0x053F, 0x053F, 0x053F, 0x053F, 0x053F,
	0x053F, 0x053F, 0x053F, 0x053F, 0x053F, 0x053F, 0x053F, 0x053F, 0x053F, 0x053F, 0x053F, 0x053F,
	0x053F, 0x053F, 0x053F, 0x053F, 0x053F, 0x053F, 0x053F, 0x053F, 0x053F, 0x053F, 0x053F, 0x053F,
	0x053F, 0x053F, 0x053F, 0x053F, 0x053F, 0x053F, 0x053F, 0x053F, 0x053F, 0x053F, 0x053F, 0x053F,
	0x053F, 0x053F, 0x053F, 0x053F, 0x053F, 0x053F, 0x053F, 0x053F, 0x053F, 0x053F, 0x053F, 0x053F,
	0x053F, 0x053F, 0x051F, 0x059F, 0x05DF, 0x241C, 0xC112, 0xF80C, 0xF80D, 0xF02E, 0xF80E, 0xF80E,
	0xF80E, 0xF80E, 0xF80E, 0xF80E, 0xF80E, 0xF80E, 0xF80E, 0xF80E, 0xF80E, 0xF80E, 0xF80E, 0xF80E,
	0xF80E, 0xF80E, 0xF80E, 0xF80E, 0xF80E, 0xF80E, 0xF80E, 0xF80E, 0xF80E, 0xF80E, 0xF80E, 0xF80E,
	0xF80E, 0xF80E, 0xF80E, 0xF80E, 0xF80E, 0xF80E, 0xF80E, 0xF80E, 0xF80E, 0xF80E, 0xF02E, 0xF80D,
	0xF80C, 0xC131, 0x2C3B, 0x05FF, 0x05BF, 0x053E, 0x055E, 0x055E, 0x055E, 0x055E, 0x055E, 0x055E,
	0x055E, 0x055E, 0x055E, 0x055E, 0x055E, 0x055E, 0x055E, 0x055E, 0x055E, 0x055E, 0x055E, 0x055E,
	0x055E, 0x055E, 0x055E, 0x055E, 0x055E, 0x055E, 0x055E, 0x055E, 0x055E, 0x055E, 0x055E, 0x055E,
	0x055E, 0x055E, 0x055E, 0x055E, 0x055E, 0x055E, 0x055E, 0x055E, 0x055E, 0x055E, 0x055E, 0x055E,
	0x055E, 0x055E, 0x055E, 0x055E, 0x055E, 0x055E, 0x055E, 0x055E, 0x055E, 0x055E, 0x055E, 0x055E,
	0x055E, 0x055E, 0x055E, 0x055E, 0x055E, 0x055E, 0x055E, 0x055E, 0x055E, 0x055E, 0x055E, 0x055E,
	0x055E, 0x055E, 0x055E, 0x055E, 0x055E, 0x055E, 0x055E, 0x055E, 0x055E, 0x055E, 0x053E, 0x05BF,
	0x05FF, 0x2C3B, 0xC131, 0xF80C, 0xF80D, 0xF02E, 0xF80E, 0xF80E, 0xF80E, 0xF80E, 0xF80E, 0xF80E,
	0xF80E, 0xF80E, 0xF80E, 0xF80E, 0xF80E, 0xF80E, 0xF80E, 0xF80E, 0xF80E, 0xF80E, 0xF80E, 0xF80E,
	0xF80E, 0xF80E, 0xF80E, 0xF80E, 0xF80E, 0xF80E, 0xF80E, 0xF80E, 0xF80E, 0xF80E, 0xF80E, 0xF80E,
	0xF80E, 0xF80E, 0xF80E, 0xF80E, 0xF80E, 0xF80E, 0xF02E, 0xF80D, 0xF80C, 0xC931, 0x3C5A, 0x0E1F,
	0x0DDE, 0x0D5C, 0x0D7D, 0x0D9D, 0x0D9D, 0x0D9D, 0x0D9D, 0x0D9D, 0x0D9D, 0x0D9D, 0x0D9D, 0x0D9D,
	0x0D9D, 0x0D9D, 0x0D9D, 0x0D9D, 0x0D9D, 0x0D9D, 0x0D9D, 0x0D9D, 0x0D9D, 0x0D9D, 0x0D9D, 0x0D9D,
	0x0D9D, 0x0D9D, 0x0D9D, 0x0D9D, 0x0D9D, 0x0D9D, 0x0D9D, 0x0D9D, 0x0D9D, 0x0D9D, 0x0D9D, 0x0D9D,
	0x0D9D, 0x0D9D, 0x0D9D, 0x0D9D, 0x0D9D, 0x0D9D, 0x0D9D, 0x0D9D, 0x0D9D, 0x0D9D, 0x0D9D, 0x0D9D,
	0x0D9D, 0x0D9D, 0x0D9D, 0x0D9D, 0x0D9D, 0x0D9D, 0x0D9D, 0x0D9D, 0x0D9D, 0x0D9D, 0x0D9D, 0x0D9D,
	0x0D9D, 0x0D9D, 0x0D9D, 0x0D9D, 0x0D9D, 0x0D9D, 0x0D9D, 0x0D9D, 0x0D9D, 0x0D9D, 0x0D9D, 0x0D9D,
	0x0D9D, 0x0D9D, 0x0D9D, 0x0D9D, 0x0D9D, 0x0D7D, 0x0D5C, 0x0DDE, 0x0E1F, 0x3C5A, 0xC931, 0xF80C,
	0xF80D, 0xF02E, 0xF80E, 0xF80E, 0xF80E, 0xF80E, 0xF80E, 0xF80E, 0xF80E, 0xF80E, 0xF80E, 0xF80E,
	0xF80E, 0xF80E, 0xF80E, 0xF80E, 0xF80E, 0xF80E, 0xF80E, 0xF80E, 0xF80E, 0xF80E, 0xF80E, 0xF80E,
	0xF80E, 0xF80E, 0xF80E, 0xF80E, 0xF80E, 0xF80E, 0xF80E, 0xF80E, 0xF80E, 0xF80E, 0xF80E, 0xF80E,
	0xF80E, 0xF80E, 0xF02E, 0xF80D, 0xF80C, 0xC931, 0x345A, 0x061F, 0x05DE, 0x0D5D, 0x057D, 0x057D,
	0x057D, 0x057D, 0x057D, 0x057D, 0x057D, 0x057D, 0x057D, 0x057D, 0x057D, 0x057D, 0x057D, 0x057D,
	0x057D, 0x057D, 0x057D, 0x057D, 0x057D, 0x057D, 0x057D, 0x057D, 0x057D, 0x057D, 0x057D, 0x057D,
	0x057D, 0x057D, 0x057D, 0x057D, 0x057D, 0x057D, 0x057D, 0x057D, 0x057D, 0x057D, 0x057D, 0x057D,
	0x057D, 0x057D, 0x057D, 0x057D, 0x057D, 0x057D, 0x057D, 0x057D, 0x057D, 0x057D, 0x057D, 0x057D,
	0x057D, 0x057D, 0x057D, 0x057D, 0x057D, 0x057D, 0x057D, 0x057D, 0x057D, 0x057D, 0x057D, 0x057D,
	0x057D, 0x057D, 0x057D, 0x057D, 0x057D, 0x057D, 0x057D, 0x057D, 0x057D, 0x057D, 0x057D, 0x057D,
	0x057D, 0x057D, 0x0D5D, 0x05DE, 0x061F, 0x345A, 0xC931, 0xF80C, 0xF80D, 0xF02E, 0xF80E, 0xF80E,
	0xF80E, 0xF80E, 0xF80E, 0xF80E, 0xF80E, 0xF80E, 0xF80E, 0xF80E, 0xF80E, 0xF80E, 0xF80E, 0xF80E,
	0xF80E, 0xF80E, 0xF80E, 0xF80E, 0xF80E, 0xF80E, 0xF80E, 0xF80E, 0xF80E, 0xF80E, 0xF80E, 0xF80E,
	0xF80E, 0xF80E, 0xF80E, 0xF80E, 0xF80E, 0xF80E, 0xF80E, 0xF80E, 0xF80E, 0xF80E, 0xF02E, 0xF80D,
	0xF80C, 0xC931, 0x345A, 0x061F, 0x05DE, 0x0D5D, 0x057D, 0x057D, 0x057D, 0x057D, 0x057D, 0x057D,
	0x057D, 0x057D, 0x057D, 0x057D, 0x057D, 0x057D, 0x057D, 0x057D, 0x057D, 0x057D, 0x057D, 0x057D,
	0x057D, 0x057D, 0x057D, 0x057D, 0x057D, 0x057D, 0x057D, 0x057D, 0x057D, 0x057D, 0x057D, 0x057D,
	0x057D, 0x057D, 0x057D, 0x057D, 0x057D, 0x057D, 0x057D, 0x057D, 0x057D, 0x057D, 0x057D, 0x057D,
	0x057D, 0x057D, 0x057D, 0x057D, 0x057D, 0x057D, 0x057D, 0x057D, 0x057D, 0x057D, 0x057D, 0x057D,
	0x057D, 0x057D, 0x057D, 0x057D, 0x057D, 0x057D, 0x057D, 0x057D, 0x057D, 0x057D, 0x057D, 0x057D,
	0x057D, 0x057D, 0x057D, 0x057D, 0x057D, 0x057D, 0x057D, 0x057D, 0x057D, 0x057D, 0x0D5D, 0x05DE,
	0x061F, 0x345A, 0xC931, 0xF80C, 0xF80D, 0xF02E, 0xF80E, 0xF80E, 0xF80E, 0xF80E, 0xF80E, 0xF80E,
	0xF80E, 0xF80E, 0xF80E, 0xF80E, 0xF80E, 0xF80E, 0xF80E, 0xF80E, 0xF80E, 0xF80E, 0xF80E, 0xF80E,
	0xF80E, 0xF80E, 0xF80E, 0xF80E, 0xF80E, 0xF80E, 0xF80E, 0xF80E, 0xF80E, 0xF80E, 0xF80E, 0xF80E,
	0xF80E, 0xF80E, 0xF80E, 0xF80E, 0xF80E, 0xF80E, 0xF02E, 0xF80D, 0xF80C, 0xC931, 0x345A, 0x061F,
	0x05DE, 0x0D5D, 0x057D, 0x057D, 0x057D, 0x057D, 0x057D, 0x057D, 0x057D, 0x057D, 0x057D, 0x057D,
	0x057D, 0x057D, 0x057D, 0x057D, 0x057D, 0x057D, 0x057D, 0x057D, 0x057D, 0x057D, 0x057D, 0x057D,
	0x057D, 0x057D, 0x057D, 0x057D, 0x057D, 0x057D, 0x057D, 0x057D, 0x057D, 0x057D, 0x057D, 0x057D,
	0x057D, 0x057D, 0x057D, 0x057D, 0x057D, 0x057D, 0x057D, 0x057D, 0x057D, 0x057D, 0x057D, 0x057D,
	0x057D, 0x057D, 0x057D, 0x057D, 0x057D, 0x057D, 0x057D, 0x057D, 0x057D, 0x057D, 0x057D, 0x057D,
	0x057D, 0x057D, 0x057D, 0x057D, 0x057D, 0x057D, 0x057D, 0x057D, 0x057D, 0x057D, 0x057D, 0x057D,
	0x057D, 0x057D, 0x057D, 0x057D, 0x057D, 0x057D, 0x0D5D, 0x05DE, 0x061F, 0x345A, 0xC931, 0xF80C,
	0xF80D, 0xF02E, 0xF80E, 0xF80E, 0xF80E, 0xF80E, 0xF80E, 0xF80E, 0xF80E, 0xF80E, 0xF80E, 0xF80E,
	0xF80E, 0xF80E, 0xF80E, 0xF80E, 0xF80E, 0xF80E, 0xF80E, 0xF80E, 0xF80E, 0xF80E, 0xF80E, 0xF80E,
	0xF80E, 0xF80E, 0xF80E, 0xF80E, 0xF80E, 0xF80E, 0xF80E, 0xF80E, 0xF80E, 0xF80E, 0xF80E, 0xF80E,
	0xF80E, 0xF80E, 0xF02E, 0xF80D, 0xF80C, 0xC931, 0x345A, 0x061F, 0x05DE, 0x0D5D, 0x057D, 0x057D,
	0x057D, 0x057D, 0x057D, 0x057D, 0x057D, 0x057D, 0x057D, 0x057D, 0x057D, 0x057D, 0x057D, 0x057D,
	0x057D, 0x057D, 0x057D, 0x057D, 0x057D, 0x057D, 0x057D, 0x057D, 0x057D, 0x057D, 0x057D, 0x057D,
	0x057D, 0x057D, 0x057D, 0x057D, 0x057D, 0x057D, 0x057D, 0x057D, 0x057D, 0x057D, 0x057D, 0x057D,
	0x057D, 0x057D, 0x057D, 0x057D, 0x057D, 0x057D, 0x057D, 0x057D, 0x057D, 0x057D, 0x057D, 0x057D,
	0x057D, 0x057D, 0x057D, 0x057D, 0x057D, 0x057D, 0x057D, 0x057D, 0x057D, 0x057D, 0x057D, 0x057D,
	0x057D, 0x057D, 0x057D, 0x057D, 0x057D, 0x057D, 0x057D, 0x057D, 0x057D, 0x057D, 0x057D, 0x057D,
	0x057D, 0x057D, 0x0D5D, 0x05DE, 0x061F, 0x345A, 0xC931, 0xF80C, 0xF80D, 0xF02E, 0xF80E, 0xF80E,
	0xF80E, 0xF80E, 0xF80E, 0xF80E, 0xF80E, 0xF80E, 0xF80E, 0xF80E, 0xF80E, 0xF80E, 0xF80E, 0xF80E,
	0xF80E, 0xF80E, 0xF80E, 0xF80E, 0xF80E, 0xF80E, 0xF80E, 0xF80E, 0xF80E, 0xF80E, 0xF80E, 0xF80E,
	0xF80E, 0xF80E, 0xF80E, 0xF80E, 0xF80E, 0xF80E, 0xF80E, 0xF80E, 0xF80E, 0xF80E, 0xF02E, 0xF80D,
	0xF80C, 0xC931, 0x345A, 0x061F, 0x05DE, 0x0D5D, 0x057D, 0x057D, 0x057D, 0x057D, 0x057D, 0x057D,
	0x057D, 0x057D, 0x057D, 0x057D, 0x057D, 0x057D, 0x057D, 0x057D, 0x057D, 0x057D, 0x057D, 0x057D,
	0x057D, 0x057D, 0x057D, 0x057D, 0x057D, 0x057D, 0x057D, 0x057D, 0x057D, 0x057D, 0x057D, 0x057D,
	0x057D, 0x057D, 0x057D, 0x057D, 0x057D, 0x057D, 0x057D, 0x057D, 0x057D, 0x057D, 0x057D, 0x057D,
	0x057D, 0x057D, 0x057D, 0x057D, 0x057D, 0x057D, 0x057D, 0x057D, 0x057D, 0x057D, 0x057D, 0x057D,
	0x057D, 0x057D, 0x057D, 0x057D, 0x057D, 0x057D, 0x057D, 0x057D, 0x057D, 0x057D, 0x057D, 0x057D,
	0x057D, 0x057D, 0x057D, 0x057D, 0x057D, 0x057D, 0x057D, 0x057D, 0x057D, 0x057D, 0x0D5D, 0x05DE,
	0x061F, 0x345A, 0xC931, 0xF80C, 0xF80D, 0xF02E, 0xF80E, 0xF80E, 0xF80E, 0xF80E, 0xF80E, 0xF80E,
	0xF80E, 0xF80E, 0xF80E, 0xF80E, 0xF80E, 0xF80E, 0xF80E, 0xF80E, 0xF80E, 0xF80E, 0xF80E, 0xF80E,
	0xF80E, 0xF80E, 0xF80E, 0xF80E, 0xF80E, 0xF80E, 0xF80E, 0xF80E, 0xF80E, 0xF80E, 0xF80E, 0xF80E,
	0xF80E, 0xF80E, 0xF80E, 0xF80E, 0xF80E, 0xF80E, 0xF02E, 0xF80D, 0xF80C, 0xC931, 0x345A, 0x061F,
	0x05DE, 0x0D5D, 0x057D, 0x057D, 0x057D, 0x057D, 0x057D, 0x057D, 0x057D, 0x057D, 0x057D, 0x057D,
	0x057D, 0x057D, 0x057D, 0x057D, 0x057D, 0x057D, 0x057D, 0x057D, 0x057D, 0x057D, 0x057D, 0x057D,
	0x057D, 0x057D, 0x057D, 0x057D, 0x057D, 0x057D, 0x057D, 0x057D, 0x057D, 0x057D, 0x057D, 0x057D,
	0x057D, 0x057D, 0x057D, 0x057D, 0x057D, 0x057D, 0x057D, 0x057D, 0x057D, 0x057D, 0x057D, 0x057D,
	0x057D, 0x057D, 0x057D, 0x057D, 0x057D, 0x057D, 0x057D, 0x057D, 0x057D, 0x057D, 0x057D, 0x057D,
	0x057D, 0x057D, 0x057D, 0x057D, 0x057D, 0x057D, 0x057D, 0x057D, 0x057D, 0x057D, 0x057D, 0x057D,
	0x057D, 0x057D, 0x057D, 0x057D, 0x057D, 0x057D, 0x0D5D, 0x05DE, 0x061F, 0x345A, 0xC931, 0xF80C,
	0xF80D, 0xF02E, 0xF80E, 0xF80E, 0xF80E, 0xF80E, 0xF80E, 0xF80E, 0xF80E, 0xF80E, 0xF80E, 0xF80E,
	0xF80E, 0xF80E, 0xF80E, 0xF80E, 0xF80E, 0xF80E, 0xF80E, 0xF80E, 0xF80E, 0xF80E, 0xF80E, 0xF80E,
	0xF80E, 0xF80E, 0xF80E, 0xF80E, 0xF80E, 0xF80E, 0xF80E, 0xF80E, 0xF80E, 0xF80E, 0xF80E, 0xF80E,
	0xF80E, 0xF80E, 0xF02E, 0xF80D, 0xF80C, 0xC931, 0x345A, 0x061F, 0x05DE, 0x0D5D, 0x057D, 0x057D,
	0x057D, 0x057D, 0x057D, 0x057D, 0x057D, 0x057D, 0x057D, 0x057D, 0x057D, 0x057D, 0x057D, 0x057D,
	0x057D, 0x057D, 0x057D, 0x057D, 0x057D, 0x057D, 0x057D, 0x057D, 0x057D, 0x057D, 0x057D, 0x057D,
	0x057D, 0x057D, 0x057D, 0x057D, 0x057D, 0x057D, 0x057D, 0x057D, 0x057D, 0x057D, 0x057D, 0x057D,
	0x057D, 0x057D, 0x057D, 0x057D, 0x057D, 0x057D, 0x057D, 0x057D, 0x057D, 0x057D, 0x057D, 0x057D,
	0x057D, 0x057D, 0x057D, 0x057D, 0x057D, 0x057D, 0x057D, 0x057D, 0x057D, 0x057D, 0x057D, 0x057D,
	0x057D, 0x057D, 0x057D, 0x057D, 0x057D, 0x057D, 0x057D, 0x057D, 0x057D, 0x057D, 0x057D, 0x057D,
	0x057D, 0x057D, 0x0D5D, 0x05DE, 0x061F, 0x345A, 0xC931, 0xF80C, 0xF80D, 0xF02E, 0xF80E, 0xF80E,
	0xF80E, 0xF80E, 0xF80E, 0xF80E, 0xF80E, 0xF80E, 0xF80E, 0xF80E, 0xF80E, 0xF80E, 0xF80E, 0xF80E,
	0xF80E, 0xF80E, 0xF80E, 0xF80E, 0xF80E, 0xF80E, 0xF80E, 0xF80E, 0xF80E, 0xF80E, 0xF80E, 0xF80E,
	0xF80E, 0xF80E, 0xF80E, 0xF80E, 0xF80E, 0xF80E, 0xF80E, 0xF80E, 0xF80E, 0xF80E, 0xF02E, 0xF80D,
	0xF80C, 0xC931, 0x345A, 0x061F, 0x05DE, 0x0D5D, 0x057D, 0x057D, 0x057D, 0x057D, 0x057D, 0x057D,
	0x057D, 0x057D, 0x057D, 0x057D, 0x057D, 0x057D, 0x057D, 0x057D, 0x057D, 0x057D, 0x057D, 0x057D,
	0x057D, 0x057D, 0x057D, 0x057D, 0x057D, 0x057D, 0x057D, 0x057D, 0x057D, 0x057D, 0x057D, 0x057D,
	0x057D, 0x057D, 0x057D, 0x057D, 0x057D, 0x057D, 0x057D, 0x057D, 0x057D, 0x057D, 0x057D, 0x057D,
	0x057D, 0x057D, 0x057D, 0x057D, 0x057D, 0x057D, 0x057D, 0x057D, 0x057D, 0x057D, 0x057D, 0x057D,
	0x057D, 0x057D, 0x057D, 0x057D, 0x057D, 0x057D, 0x057D, 0x057D, 0x057D, 0x057D, 0x057D, 0x057D,
	0x057D, 0x057D, 0x057D, 0x057D, 0x057D, 0x057D, 0x057D, 0x057D, 0x057D, 0x057D, 0x0D5D, 0x05DE,
	0x061F, 0x345A, 0xC931, 0xF80C, 0xF80D, 0xF02E, 0xF80E, 0xF80E, 0xF80E, 0xF80E, 0xF80E, 0xF80E,
	0xF80E, 0xF80E, 0xF80E, 0xF80E, 0xF80E, 0xF80E, 0xF80E, 0xF80E, 0xF80E, 0xF80E, 0xF80E, 0xF80E,
	0xF80E, 0xF80E, 0xF80E, 0xF80E, 0xF80E, 0xF80E, 0xF80E, 0xF80E, 0xF80E, 0xF80E, 0xF80E, 0xF80E,
	0xF80E, 0xF80E, 0xF80E, 0xF80E, 0xF80E, 0xF80E, 0xF02E, 0xF80D, 0xF80C, 0xC931, 0x345A, 0x061F,
	0x05DE, 0x0D5D, 0x057D, 0x057D, 0x057D, 0x057D, 0x057D, 0x057D, 0x057D, 0x057D, 0x057D, 0x057D,
	0x057D, 0x057D, 0x057D, 0x057D, 0x057D, 0x057D, 0x057D, 0x057D, 0x057D, 0x057D, 0x057D, 0x057D,
	0x057D, 0x057D, 0x057D, 0x057D, 0x057D, 0x057D, 0x057D, 0x057D, 0x057D, 0x057D, 0x057D, 0x057D,
	0x057D, 0x057D, 0x057D, 0x057D, 0x057D, 0x057D, 0x057D, 0x057D, 0x057D, 0x057D, 0x057D, 0x057D,
	0x057D, 0x057D, 0x057D, 0x057D, 0x057D, 0x057D, 0x057D, 0x057D, 0x057D, 0x057D, 0x057D, 0x057D,
	0x057D, 0x057D, 0x057D, 0x057D, 0x057D, 0x057D, 0x057D, 0x057D, 0x057D, 0x057D, 0x057D, 0x057D,
	0x057D, 0x057D, 0x057D, 0x057D, 0x057D, 0x057D, 0x0D5D, 0x05DE, 0x061F, 0x345A, 0xC931, 0xF80C,
	0xF80D, 0xF02E, 0xF80E, 0xF80E, 0xF80E, 0xF80E, 0xF80E, 0xF80E, 0xF80E, 0xF80E, 0xF80E, 0xF80E,
	0xF80E, 0xF80E, 0xF80E, 0xF80E, 0xF80E, 0xF80E, 0xF80E, 0xF80E, 0xF80E, 0xF80E, 0xF80E, 0xF80E,
	0xF80E, 0xF80E, 0xF80E, 0xF80E, 0xF80E, 0xF80E, 0xF80E, 0xF80E, 0xF80E, 0xF80E, 0xF80E, 0xF80E,
	0xF80E, 0xF80E, 0xF02E, 0xF80D, 0xF80C, 0xC931, 0x345A, 0x061F, 0x05DE, 0x0D5D, 0x057D, 0x057D,
	0x057D, 0x057D, 0x057D, 0x057D, 0x057D, 0x057D, 0x057D, 0x057D, 0x057D, 0x057D, 0x057D, 0x057D,
	0x057D, 0x057D, 0x057D, 0x057D, 0x057D, 0x057D, 0x057D, 0x057D, 0x057D, 0x057D, 0x057D, 0x057D,
	0x057D, 0x057D, 0x057D, 0x057D, 0x057D, 0x057D, 0x057D, 0x057D, 0x057D, 0x057D, 0x057D, 0x057D,
	0x057D, 0x057D, 0x057D, 0x057D, 0x057D, 0x057D, 0x057D, 0x057D, 0x057D, 0x057D, 0x057D, 0x057D,
	0x057D, 0x057D, 0x057D, 0x057D, 0x057D, 0x057D, 0x057D, 0x057D, 0x057D, 0x057D, 0x057D, 0x057D,
	0x057D, 0x057D, 0x057D, 0x057D, 0x057D, 0x057D, 0x057D, 0x057D, 0x057D, 0x057D, 0x057D, 0x057D,
	0x057D, 0x057D, 0x0D5D, 0x05DE, 0x061F, 0x345A, 0xC931, 0xF80C, 0xF80D, 0xF02E, 0xF80E, 0xF80E,
	0xF80E, 0xF80E, 0xF80E, 0xF80E, 0xF80E, 0xF80E, 0xF80E, 0xF80E, 0xF80E, 0xF80E, 0xF80E, 0xF80E,
	0xF80E, 0xF80E, 0xF80E, 0xF80E, 0xF80E, 0xF80E, 0xF80E, 0xF80E, 0xF80E, 0xF80E, 0xF80E, 0xF80E,
	0xF80E, 0xF80E, 0xF80E, 0xF80E, 0xF80E, 0xF80E, 0xF80E, 0xF80E, 0xF80E, 0xF80E, 0xF02E, 0xF80D,
	0xF80C, 0xC931, 0x345A, 0x061F, 0x05DE, 0x0D5D, 0x057D, 0x057D, 0x057D, 0x057D, 0x057D, 0x057D,
	0x057D, 0x057D, 0x057D, 0x057D, 0x057D, 0x057D, 0x057D, 0x057D, 0x057D, 0x057D, 0x057D, 0x057D,
	0x057D, 0x057D, 0x057D, 0x057D, 0x057D, 0x057D, 0x057D, 0x057D, 0x057D, 0x057D, 0x057D, 0x057D,
	0x057D, 0x057D, 0x057D, 0x057D, 0x057D, 0x057D, 0x057D, 0x057D, 0x057D, 0x057D, 0x057D, 0x057D,
	0x057D, 0x057D, 0x057D, 0x057D, 0x057D, 0x057D, 0x057D, 0x057D, 0x057D, 0x057D, 0x057D, 0x057D,
	0x057D, 0x057D, 0x057D, 0x057D, 0x057D, 0x057D, 0x057D, 0x057D, 0x057D, 0x057D, 0x057D, 0x057D,
	0x057D, 0x057D, 0x057D, 0x057D, 0x057D, 0x057D, 0x057D, 0x057D, 0x057D, 0x057D, 0x0D5D, 0x05DE,
	0x061F, 0x345A, 0xC931, 0xF80C, 0xF80D, 0xF02E, 0xF80E, 0xF80E, 0xF80E, 0xF80E, 0xF80E, 0xF80E,
	0xF80E, 0xF80E, 0xF80E, 0xF80E, 0xF80E, 0xF80E, 0xF80E, 0xF80E, 0xF80E, 0xF80E, 0xF80E, 0xF80E,
	0xF80E, 0xF80E, 0xF80E, 0xF80E, 0xF80E, 0xF80E, 0xF80E, 0xF80E, 0xF80E, 0xF80E, 0xF80E, 0xF80E,
	0xF80E, 0xF80E, 0xF80E, 0xF80E, 0xF80E, 0xF80E, 0xF02E, 0xF80D, 0xF80C, 0xC931, 0x345A, 0x061F,
	0x05DE, 0x0D5D, 0x057D, 0x057D, 0x057D, 0x057D, 0x057D, 0x057D, 0x057D, 0x057D, 0x057D, 0x057D,
	0x057D, 0x057D, 0x057D, 0x057D, 0x057D, 0x057D, 0x057D, 0x057D, 0x057D, 0x057D, 0x057D, 0x057D,
	0x057D, 0x057D, 0x057D, 0x057D, 0x057D, 0x057D, 0x057D, 0x057D, 0x057D, 0x057D, 0x057D, 0x057D,
	0x057D, 0x057D, 0x057D, 0x057D, 0x057D, 0x057D, 0x057D, 0x057D, 0x057D, 0x057D, 0x057D, 0x057D,
	0x057D, 0x057D, 0x057D, 0x057D, 0x057D, 0x057D, 0x057D, 0x057D, 0x057D, 0x057D, 0x057D, 0x057D,
	0x057D, 0x057D, 0x057D, 0x057D, 0x057D, 0x057D, 0x057D, 0x057D, 0x057D, 0x057D, 0x057D, 0x057D,
	0x057D, 0x057D, 0x057D, 0x057D, 0x057D, 0x057D, 0x0D5D, 0x05DE, 0x061F, 0x345A, 0xC931, 0xF80C,
	0xF80D, 0xF02E, 0xF80E, 0xF80E, 0xF80E, 0xF80E, 0xF80E, 0xF80E, 0xF80E, 0xF80E, 0xF80E, 0xF80E,
	0xF80E, 0xF80E, 0xF80E, 0xF80E, 0xF80E, 0xF80E, 0xF80E, 0xF80E, 0xF80E, 0xF80E, 0xF80E, 0xF80E,
	0xF80E, 0xF80E, 0xF80E, 0xF80E, 0xF80E, 0xF80E, 0xF80E, 0xF80E, 0xF80E, 0xF80E, 0xF80E, 0xF80E,
	0xF80E, 0xF80E, 0xF02E, 0xF80D, 0xF80C, 0xC931, 0x345A, 0x061F, 0x05DE, 0x0D5D, 0x057D, 0x057D,
	0x057D, 0x057D, 0x057D, 0x057D, 0x057D, 0x057D, 0x057D, 0x057D, 0x057D, 0x057D, 0x057D, 0x057D,
	0x057D, 0x057D, 0x057D, 0x057D, 0x057D, 0x057D, 0x057D, 0x057D, 0x057D, 0x057D, 0x057D, 0x057D,
	0x057D, 0x057D, 0x057D, 0x057D, 0x057D, 0x057D, 0x057D, 0x057D, 0x057D, 0x057D, 0x057D, 0x057D,
	0x057D, 0x057D, 0x057D, 0x057D, 0x057D, 0x057D, 0x057D, 0x057D, 0x057D, 0x057D, 0x057D, 0x057D,
	0x057D, 0x057D, 0x057D, 0x057D, 0x057D, 0x057D, 0x057D, 0x057D, 0x057D, 0x057D, 0x057D, 0x057D,
	0x057D, 0x057D, 0x057D, 0x057D, 0x057D, 0x057D, 0x057D, 0x057D, 0x057D, 0x057D, 0x057D, 0x057D,
	0x057D, 0x057D, 0x0D5D, 0x05DE, 0x061F, 0x345A, 0xC931, 0xF80C, 0xF80D, 0xF02E, 0xF80E, 0xF80E,
	0xF80E, 0xF80E, 0xF80E, 0xF80E, 0xF80E, 0xF80E, 0xF80E, 0xF80E, 0xF80E, 0xF80E, 0xF80E, 0xF80E,
	0xF80E, 0xF80E, 0xF80E, 0xF80E, 0xF80E, 0xF80E, 0xF80E, 0xF80E, 0xF80E, 0xF80E, 0xF80E, 0xF80E,
	0xF80E, 0xF80E, 0xF80E, 0xF80E, 0xF80E, 0xF80E, 0xF80E, 0xF80E, 0xF80E, 0xF80E, 0xF02E, 0xF80D,
	0xF80C, 0xC931, 0x345A, 0x061F, 0x05DE, 0x0D5D, 0x057D, 0x057D, 0x057D, 0x057D, 0x057D, 0x057D,
	0x057D, 0x057D, 0x057D, 0x057D, 0x057D, 0x057D, 0x057D, 0x057D, 0x057D, 0x057D, 0x057D, 0x057D,
	0x057D, 0x057D, 0x057D, 0x057D, 0x057D, 0x057D, 0x057D, 0x057D, 0x057D, 0x057D, 0x057D, 0x057D,
	0x057D, 0x057D, 0x057D, 0x057D, 0x057D, 0x057D, 0x057D, 0x057D, 0x057D, 0x057D, 0x057D, 0x057D,
	0x057D, 0x057D, 0x057D, 0x057D, 0x057D, 0x057D, 0x057D, 0x057D, 0x057D, 0x057D, 0x057D, 0x057D,
	0x057D, 0x057D, 0x057D, 0x057D, 0x057D, 0x057D, 0x057D, 0x057D, 0x057D, 0x057D, 0x057D, 0x057D,
	0x057D, 0x057D, 0x057D, 0x057D, 0x057D, 0x057D, 0x057D, 0x057D, 0x057D, 0x057D, 0x0D5D, 0x05DE,
	0x061F, 0x345A, 0xC931, 0xF80C, 0xF80D, 0xF02E, 0xF80E, 0xF80E, 0xF80E, 0xF80E, 0xF80E, 0xF80E,
	0xF80E, 0xF80E, 0xF80E, 0xF80E, 0xF80E, 0xF80E, 0xF80E, 0xF80E, 0xF80E, 0xF80E, 0xF80E, 0xF80E,
	0xF80E, 0xF80E, 0xF80E, 0xF80E, 0xF80E, 0xF80E, 0xF80E, 0xF80E, 0xF80E, 0xF80E, 0xF80E, 0xF80E,
	0xF80E, 0xF80E, 0xF80E, 0xF80E, 0xF80E, 0xF80E, 0xF02E, 0xF80D, 0xF80C, 0xC931, 0x345A, 0x061F,
	0x05DE, 0x0D5D, 0x057D, 0x057D, 0x057D, 0x057D, 0x057D, 0x057D, 0x057D, 0x057D, 0x057D, 0x057D,
	0x057D, 0x057D, 0x057D, 0x057D, 0x059D, 0x059D, 0x057D, 0x057D, 0x057D, 0x057D, 0x057D, 0x057D,
	0x057D, 0x057D, 0x057D, 0x057D, 0x057D, 0x057D, 0x057D, 0x057D, 0x057D, 0x057D, 0x057D, 0x057D,
	0x057D, 0x057D, 0x057D, 0x057D, 0x057D, 0x057D, 0x057D, 0x057D, 0x057D, 0x057D, 0x057D, 0x057D,
	0x057D, 0x057D, 0x057D, 0x057D, 0x057D, 0x057D, 0x057D, 0x057D, 0x057D, 0x057D, 0x059D, 0x0D9D,
	0x0D9D, 0x0D9D, 0x0D9D, 0x059D, 0x057D, 0x057D, 0x057D, 0x057D, 0x057D, 0x057D, 0x057D, 0x057D,
	0x057D, 0x057D, 0x057D, 0x057D, 0x057D, 0x057D, 0x0D5D, 0x05DE, 0x061F, 0x345A, 0xC931, 0xF80C,
	0xF80D, 0xF02E, 0xF80E, 0xF80E, 0xF80E, 0xF80E, 0xF80E, 0xF80E, 0xF80E, 0xF80E, 0xF80E, 0xF80E,
	0xF80E, 0xF80E, 0xF80E, 0xF80E, 0xF80E, 0xF80E, 0xF80E, 0xF80E, 0xF80E, 0xF80E, 0xF80E, 0xF80E,
	0xF80E, 0xF80E, 0xF80E, 0xF80E, 0xF80E, 0xF80E, 0xF80E, 0xF80E, 0xF80E, 0xF80E, 0xF80E, 0xF80E,
	0xF80E, 0xF80E, 0xF02E, 0xF80D, 0xF80C, 0xC931, 0x345A, 0x061F, 0x05DE, 0x0D5D, 0x057D, 0x057D,
	0x057D, 0x057D, 0x057D, 0x057D, 0x057D, 0x057D, 0x057D, 0x057D, 0x057D, 0x057D, 0x057D, 0x057D,
	0x055D, 0x055D, 0x057D, 0x057D, 0x057D, 0x057D, 0x057D, 0x057D, 0x057D, 0x057D, 0x057D, 0x057D,
	0x057D, 0x057D, 0x057D, 0x057D, 0x057D, 0x057D, 0x057D, 0x057D, 0x057D, 0x057D, 0x057D, 0x057D,
	0x057D, 0x057D, 0x057D, 0x057D, 0x057D, 0x057D, 0x057D, 0x057D, 0x057D, 0x057D, 0x057D, 0x057D,
	0x057D, 0x057D, 0x057D, 0x057D, 0x057D, 0x057D, 0x055D, 0x055D, 0x055D, 0x055D, 0x055D, 0x055D,
	0x057D, 0x057D, 0x057D, 0x057D, 0x057D, 0x057D, 0x057D, 0x057D, 0x057D, 0x057D, 0x057D, 0x057D,
	0x057D, 0x057D, 0x0D5D, 0x05DE, 0x061F, 0x345A, 0xC931, 0xF80C, 0xF80D, 0xF02E, 0xF80E, 0xF80E,
	0xF80E, 0xF80E, 0xF80E, 0xF80E, 0xF80E, 0xF80E, 0xF80E, 0xF80E, 0xF80E, 0xF80E, 0xF80E, 0xF80E,
	0xF80E, 0xF80E, 0xF80E, 0xF80E, 0xF80E, 0xF80E, 0xF80E, 0xF80E, 0xF80E, 0xF80E, 0xF80E, 0xF80E,
	0xF80E, 0xF80E, 0xF80E, 0xF80E, 0xF80E, 0xF80E, 0xF80E, 0xF80E, 0xF80E, 0xF80E, 0xF02E, 0xF80D,
	0xF80C, 0xC931, 0x345A, 0x061F, 0x05DE, 0x0D5D, 0x057D, 0x057D, 0x057D, 0x057D, 0x057D, 0x057D,
	0x057D, 0x057D, 0x057D, 0x057D, 0x057D, 0x057D, 0x057D, 0x057D, 0x053D, 0x053D, 0x057D, 0x057D,
	0x057D, 0x057D, 0x057D, 0x057D, 0x057D, 0x057D, 0x057D, 0x057D, 0x057D, 0x057D, 0x057D, 0x057D,
	0x057D, 0x057D, 0x057D, 0x057D, 0x057D, 0x057D, 0x057D, 0x057D, 0x057D, 0x057D, 0x057D, 0x057D,
	0x057D, 0x057D, 0x057D, 0x057D, 0x057D, 0x057D, 0x057D, 0x057D, 0x057D, 0x057D, 0x057D, 0x057D,
	0x057D, 0x057D, 0x055D, 0x053D, 0x053D, 0x053D, 0x053D, 0x055D, 0x057D, 0x057D, 0x057D, 0x057D,
	0x057D, 0x057D, 0x057D, 0x057D, 0x057D, 0x057D, 0x057D, 0x057D, 0x057D, 0x057D, 0x0D5D, 0x05DE,
	0x061F, 0x345A, 0xC931, 0xF80C, 0xF80D, 0xF02E, 0xF80E, 0xF80E, 0xF80E, 0xF80E, 0xF80E, 0xF80E,
	0xF80E, 0xF80E, 0xF80E, 0xF80E, 0xF80E, 0xF80E, 0xF80E, 0xF80E, 0xF80E, 0xF80E, 0xF80E, 0xF80E,
	0xF80E, 0xF80E, 0xF80E, 0xF80E, 0xF80E, 0xF80E, 0xF80E, 0xF80E, 0xF80E, 0xF80E, 0xF80E, 0xF80E,
	0xF80E, 0xF80E, 0xF80E, 0xF80E, 0xF80E, 0xF80E, 0xF02E, 0xF80D, 0xF80C, 0xC931, 0x345A, 0x061F,
	0x05DE, 0x0D5D, 0x057D, 0x057D, 0x057D, 0x057D, 0x057D, 0x057D, 0x057D, 0x057D, 0x057D, 0x057D,
	0x057D, 0x057D, 0x057D, 0x0D9E, 0x35FE, 0x35FE, 0x0D9E, 0x057D, 0x057D, 0x057D, 0x057D, 0x057D,
	0x057D, 0x057D, 0x057D, 0x057D, 0x057D, 0x057D, 0x057D, 0x057D, 0x057D, 0x057D, 0x057D, 0x057D,
	0x057D, 0x057D, 0x057D, 0x057D, 0x057D, 0x057D, 0x057D, 0x057D, 0x057D, 0x057D, 0x057D, 0x057D,
	0x057D, 0x057D, 0x057D, 0x057D, 0x057D, 0x057D, 0x057D, 0x057D, 0x057D, 0x0D9E, 0x2DDE, 0x3E1E,
	0x463E, 0x463E, 0x3E1E, 0x2DDE, 0x0D9E, 0x057D, 0x057D, 0x057D, 0x057D, 0x057D, 0x057D, 0x057D,
	0x057D, 0x057D, 0x057D, 0x057D, 0x057D, 0x057D, 0x0D5D, 0x05DE, 0x061F, 0x345A, 0xC931, 0xF80C,
	0xF80D, 0xF02E, 0xF80E, 0xF80E, 0xF80E, 0xF80E, 0xF80E, 0xF80E, 0xF80E, 0xF80E, 0xF80E, 0xF80E,
	0xF80E, 0xF80E, 0xF80E, 0xF80E, 0xF80E, 0xF80E, 0xF80E, 0xF80E, 0xF80E, 0xF80E, 0xF80E, 0xF80E,
	0xF80E, 0xF80E, 0xF80E, 0xF80E, 0xF80E, 0xF80E, 0xF80E, 0xF80E, 0xF80E, 0xF80E, 0xF80E, 0xF80E,
	0xF80E, 0xF80E, 0xF02E, 0xF80D, 0xF80C, 0xC931, 0x345A, 0x061F, 0x05DE, 0x0D5D, 0x057D, 0x057D,
	0x057D, 0x057D, 0x057D, 0x057D, 0x057D, 0x057D, 0x057D, 0x057D, 0x059D, 0x055D, 0x053D, 0x35FE,
	0xB73F, 0xB73F, 0x35FE, 0x053D, 0x055D, 0x059D, 0x057D, 0x057D, 0x057D, 0x057D, 0x057D, 0x057D,
	0x057D, 0x057D, 0x057D, 0x057D, 0x057D, 0x057D, 0x057D, 0x057D, 0x057D, 0x057D, 0x057D, 0x057D,
	0x057D, 0x057D, 0x057D, 0x057D, 0x057D, 0x057D, 0x057D, 0x057D, 0x057D, 0x057D, 0x057D, 0x057D,
	0x057D, 0x057D, 0x059D, 0x055D, 0x055D, 0x2DDE, 0x9EFF, 0xCF9F, 0xE7BF, 0xE7BF, 0xCF9F, 0x9EFF,
	0x2DDE, 0x055D, 0x055D, 0x059D, 0x057D, 0x057D, 0x057D, 0x057D, 0x057D, 0x057D, 0x057D, 0x057D,
	0x057D, 0x057D, 0x0D5D, 0x05DE, 0x061F, 0x345A, 0xC931, 0xF80C, 0xF80D, 0xF02E, 0xF80E, 0xF80E,
	0xF80E, 0xF80E, 0xF80E, 0xF80E, 0xF80E, 0xF80E, 0xF80E, 0xF80E, 0xF80E, 0xF80E, 0xF80E, 0xF80E,
	0xF80E, 0xF80E, 0xF80E, 0xF80E, 0xF80E, 0xF80E, 0xF80E, 0xF80E, 0xF80E, 0xF80E, 0xF80E, 0xF80E,
	0xF80E, 0xF80E, 0xF80E, 0xF80E, 0xF80E, 0xF80E, 0xF80E, 0xF80E, 0xF80E, 0xF80E, 0xF02E, 0xF80D,
	0xF80C, 0xC931, 0x345A, 0x061F, 0x05DE, 0x0D5D, 0x057D, 0x057D, 0x057D, 0x057D, 0x057D, 0x057D,
	0x057D, 0x057D, 0x057D, 0x057D, 0x0D9D, 0x053D, 0x051D, 0x4E3E, 0xFFFF, 0xFFFF, 0x4E3E, 0x051D,
	0x053D, 0x0D9D, 0x057D, 0x057D, 0x057D, 0x057D, 0x057D, 0x057D, 0x057D, 0x057D, 0x057D, 0x057D,
	0x057D, 0x057D, 0x057D, 0x057D, 0x057D, 0x057D, 0x057D, 0x057D, 0x057D, 0x057D, 0x057D, 0x057D,
	0x057D, 0x057D, 0x057D, 0x057D, 0x057D, 0x057D, 0x057D, 0x057D, 0x057D, 0x057D, 0x0D9D, 0x055D,
	0x053D, 0x461E, 0xE7DF, 0xFFFF, 0xDFBF, 0xDFBF, 0xFFFF, 0xE7BF, 0x461E, 0x053D, 0x055D, 0x0D9D,
	0x057D, 0x057D, 0x057D, 0x057D, 0x057D, 0x057D, 0x057D, 0x057D, 0x057D, 0x057D, 0x0D5D, 0x05DE,
	0x061F, 0x345A, 0xC931, 0xF80C, 0xF80D, 0xF02E, 0xF80E, 0xF80E, 0xF80E, 0xF80E, 0xF80E, 0xF80E,
	0xF80E, 0xF80E, 0xF80E, 0xF80E, 0xF80E, 0xF80E, 0xF80E, 0xF80E, 0xF80E, 0xF80E, 0xF80E, 0xF80E,
	0xF80E, 0xF80E, 0xF80E, 0xF80E, 0xF80E, 0xF80E, 0xF80E, 0xF80E, 0xF80E, 0xF80E, 0xF80E, 0xF80E,
	0xF80E, 0xF80E, 0xF80E, 0xF80E, 0xF80E, 0xF80E, 0xF02E, 0xF80D, 0xF80C, 0xC931, 0x345A, 0x061F,
	0x05DE, 0x0D5D, 0x057D, 0x057D, 0x057D, 0x057D, 0x057D, 0x057D, 0x057D, 0x057D, 0x057D, 0x057D,
	0x0D9D, 0x055D, 0x051D, 0x4E3E, 0xF7DF, 0xF7DF, 0x4E3E, 0x051D, 0x055D, 0x0D9D, 0x057D, 0x057D,
	0x057D, 0x057D, 0x057D, 0x057D, 0x057D, 0x057D, 0x057D, 0x057D, 0x057D, 0x057D, 0x057D, 0x057D,
	0x057D, 0x057D, 0x057D, 0x059D, 0x059D, 0x057D, 0x057D, 0x057D, 0x057D, 0x057D, 0x057D, 0x057D,
	0x057D, 0x057D, 0x057D, 0x057D, 0x057D, 0x057D, 0x0D9D, 0x055D, 0x051D, 0x4E3E, 0xF7FF, 0xE7BF,
	0x4E3E, 0x4E3E, 0xE7BF, 0xEFDF, 0x463E, 0x051D, 0x055D, 0x0D9D, 0x057D, 0x057D, 0x057D, 0x057D,
	0x057D, 0x057D, 0x057D, 0x057D, 0x057D, 0x057D, 0x0D5D, 0x05DE, 0x061F, 0x345A, 0xC931, 0xF80C,
	0xF80D, 0xF02E, 0xF80E, 0xF80E, 0xF80E, 0xF80E, 0xF80E, 0xF80E, 0xF80E, 0xF80E, 0xF80E, 0xF80E,
	0xF80E, 0xF80E, 0xF80E, 0xF80E, 0xF80E, 0xF80E, 0xF80E, 0xF80E, 0xF80E, 0xF80E, 0xF80E, 0xF80E,
	0xF80E, 0xF80E, 0xF80E, 0xF80E, 0xF80E, 0xF80E, 0xF80E, 0xF80E, 0xF80E, 0xF80E, 0xF80E, 0xF80E,
	0xF80E, 0xF80E, 0xF02E, 0xF80D, 0xF80C, 0xC931, 0x345A, 0x061F, 0x05DE, 0x0D5D, 0x057D, 0x057D,
	0x057D, 0x057D, 0x057D, 0x057D, 0x057D, 0x057D, 0x057D, 0x057D, 0x0D9D, 0x055D, 0x051D, 0x461E,
	0xDFBF, 0xDFBF, 0x463E, 0x053D, 0x055D, 0x0D9D, 0x057D, 0x057D, 0x057D, 0x057D, 0x057D, 0x057D,
	0x057D, 0x057D, 0x057D, 0x057D, 0x057D, 0x057D, 0x057D, 0x057D, 0x057D, 0x057D, 0x057D, 0x055D,
	0x055D, 0x057D, 0x057D, 0x057D, 0x057D, 0x057D, 0x057D, 0x057D, 0x057D, 0x057D, 0x057D, 0x057D,
	0x057D, 0x057D, 0x0D9D, 0x055D, 0x053D, 0x463E, 0xE7BF, 0xCF9F, 0x35FE, 0x35FE, 0xDFBF, 0xEFDF,
	0x463E, 0x051D, 0x055D, 0x0D9D, 0x057D, 0x057D, 0x057D, 0x057D, 0x057D, 0x057D, 0x057D, 0x057D,
	0x057D, 0x057D, 0x0D5D, 0x05DE, 0x061F, 0x345A, 0xC931, 0xF80C, 0xF80D, 0xF02E, 0xF80E, 0xF80E,
	0xF80E, 0xF80E, 0xF80E, 0xF80E, 0xF80E, 0xF80E, 0xF80E, 0xF80E, 0xF80E, 0xF80E, 0xF80E, 0xF80E,
	0xF80E, 0xF80E, 0xF80E, 0xF80E, 0xF80E, 0xF80E, 0xF80E, 0xF80E, 0xF80E, 0xF80E, 0xF80E, 0xF80E,
	0xF80E, 0xF80E, 0xF80E, 0xF80E, 0xF80E, 0xF80E, 0xF80E, 0xF80E, 0xF80E, 0xF80E, 0xF02E, 0xF80D,
	0xF80C, 0xC931, 0x345A, 0x061F, 0x05DE, 0x0D5D, 0x057D, 0x057D, 0x057D, 0x057D, 0x057D, 0x057D,
	0x057D, 0x057D, 0x057D, 0x057D, 0x0D9D, 0x055D, 0x051D, 0x463E, 0xE7BF, 0xE7BF, 0x4E3E, 0x0D3D,
	0x0D5D, 0x0D9D, 0x057D, 0x057D, 0x057D, 0x057D, 0x057D, 0x057D, 0x057D, 0x057D, 0x057D, 0x057D,
	0x057D, 0x057D, 0x057D, 0x057D, 0x057D, 0x057D, 0x057D, 0x055D, 0x055D, 0x057D, 0x057D, 0x057D,
	0x057D, 0x057D, 0x057D, 0x057D, 0x057D, 0x057D, 0x057D, 0x057D, 0x057D, 0x057D, 0x0D9D, 0x055D,
	0x053D, 0x3E1E, 0xD79F, 0xF7DF, 0xBF5F, 0xC77F, 0xFFFF, 0xEFDF, 0x463E, 0x053D, 0x055D, 0x0D9D,
	0x057D, 0x057D, 0x057D, 0x057D, 0x057D, 0x057D, 0x057D, 0x057D, 0x057D, 0x057D, 0x0D5D, 0x05DE,
	0x061F, 0x345A, 0xC931, 0xF80C, 0xF80D, 0xF02E, 0xF80E, 0xF80E, 0xF80E, 0xF80E, 0xF80E, 0xF80E,
	0xF80E, 0xF80E, 0xF80E, 0xF80E, 0xF80E, 0xF80E, 0xF80E, 0xF80E, 0xF80E, 0xF80E, 0xF80E, 0xF80E,
	0xF80E, 0xF80E, 0xF80E, 0xF80E, 0xF80E, 0xF80E, 0xF80E, 0xF80E, 0xF80E, 0xF80E, 0xF80E, 0xF80E,
	0xF80E, 0xF80E, 0xF80E, 0xF80E, 0xF80E, 0xF80E, 0xF02E, 0xF80D, 0xF80C, 0xC931, 0x345A, 0x061F,
	0x05DE, 0x0D5D, 0x057D, 0x057D, 0x057D, 0x057D, 0x057D, 0x057D, 0x057D, 0x057D, 0x057D, 0x057D,
	0x0D9D, 0x055D, 0x051D, 0x463E, 0xE7BF, 0xE7BF, 0x3E1E, 0x04FD, 0x051D, 0x057D, 0x057D, 0x057D,
	0x057D, 0x057D, 0x057D, 0x057D, 0x057D, 0x057D, 0x057D, 0x057D, 0x057D, 0x057D, 0x057D, 0x057D,
	0x057D, 0x057D, 0x159E, 0x1DBE, 0x1DBE, 0x159E, 0x057D, 0x057D, 0x057D, 0x057D, 0x057D, 0x057D,
	0x057D, 0x057D, 0x057D, 0x057D, 0x057D, 0x057D, 0x0D9D, 0x055D, 0x053D, 0x35FE, 0xBF5F, 0xFFFF,
	0xFFFF, 0xFFFF, 0xCF9F, 0x8EDE, 0x25DE, 0x055D, 0x055D, 0x057D, 0x057D, 0x057D, 0x057D, 0x057D,
	0x057D, 0x057D, 0x057D, 0x057D, 0x057D, 0x057D, 0x0D5D, 0x05DE, 0x061F, 0x345A, 0xC931, 0xF80C,
	0xF80D, 0xF02E, 0xF80E, 0xF80E, 0xF80E, 0xF80E, 0xF80E, 0xF80E, 0xF80E, 0xF80E, 0xF80E, 0xF80E,
	0xF80E, 0xF80E, 0xF80E, 0xF80E, 0xF80E, 0xF80E, 0xF80E, 0xF80E, 0xF80E, 0xF80E, 0xF80E, 0xF80E,
	0xF80E, 0xF80E, 0xF80E, 0xF80E, 0xF80E, 0xF80E, 0xF80E, 0xF80E, 0xF80E, 0xF80E, 0xF80E, 0xF80E,
	0xF80E, 0xF80E, 0xF02E, 0xF80D, 0xF80C, 0xC931, 0x345A, 0x061F, 0x05DE, 0x0D5D, 0x057D, 0x057D,
	0x057D, 0x057D, 0x057D, 0x057D, 0x057D, 0x057D, 0x057D, 0x057D, 0x0D9D, 0x055D, 0x051D, 0x463E,
	0xE7BF, 0xDF9F, 0x2DDE, 0x04BD, 0x04FD, 0x055D, 0x057D, 0x057D, 0x057D, 0x057D, 0x057D, 0x057D,
	0x057D, 0x057D, 0x057D, 0x057D, 0x057D, 0x057D, 0x057D, 0x057D, 0x055D, 0x159E, 0x4E3E, 0x769E,
	0x7EBE, 0x4E3E, 0x159E, 0x055D, 0x057D, 0x057D, 0x057D, 0x057D, 0x057D, 0x057D, 0x057D, 0x057D,
	0x057D, 0x057D, 0x0D9D, 0x055D, 0x053D, 0x2DFE, 0xB75F, 0xFFFF, 0xFFFF, 0xEFDF, 0x4E3E, 0x0D5D,
	0x055D, 0x059D, 0x057D, 0x057D, 0x057D, 0x057D, 0x057D, 0x057D, 0x057D, 0x057D, 0x057D, 0x057D,
	0x057D, 0x057D, 0x0D5D, 0x05DE, 0x061F, 0x345A, 0xC931, 0xF80C, 0xF80D, 0xF02E, 0xF80E, 0xF80E,
	0xF80E, 0xF80E, 0xF80E, 0xF80E, 0xF80E, 0xF80E, 0xF80E, 0xF80E, 0xF80E, 0xF80E, 0xF80E, 0xF80E,
	0xF80E, 0xF80E, 0xF80E, 0xF80E, 0xF80E, 0xF80E, 0xF80E, 0xF80E, 0xF80E, 0xF80E, 0xF80E, 0xF80E,
	0xF80E, 0xF80E, 0xF80E, 0xF80E, 0xF80E, 0xF80E, 0xF80E, 0xF80E, 0xF80E, 0xF80E, 0xF02E, 0xF80D,
	0xF80C, 0xC931, 0x345A, 0x061F, 0x05DE, 0x0D5D, 0x057D, 0x057D, 0x057D, 0x057D, 0x057D, 0x057D,
	0x057D, 0x057D, 0x057D, 0x057D, 0x0D9D, 0x055D, 0x051D, 0x463E, 0xEFDF, 0xFFFF, 0x7EBE, 0x45DE,
	0x45FE, 0x3E1E, 0x159E, 0x057D, 0x057D, 0x057D, 0x057D, 0x057D, 0x057D, 0x057D, 0x057D, 0x057D,
	0x057D, 0x057D, 0x057D, 0x055D, 0x055D, 0x2DDE, 0x8EDF, 0xC77F, 0xCF7F, 0x8EDF, 0x2DFE, 0x055D,
	0x055D, 0x057D, 0x057D, 0x057D, 0x057D, 0x057D, 0x057D, 0x057D, 0x057D, 0x057D, 0x0D9D, 0x055D,
	0x053D, 0x3E1E, 0xDF9F, 0xFFFF, 0xCF7F, 0x96FF, 0x4E3E, 0x2DBE, 0x0D7D, 0x0D7D, 0x057D, 0x057D,
	0x057D, 0x057D, 0x057D, 0x057D, 0x057D, 0x057D, 0x057D, 0x057D, 0x057D, 0x057D, 0x0D5D, 0x05DE,
	0x061F, 0x345A, 0xC931, 0xF80C, 0xF80D, 0xF02E, 0xF80E, 0xF80E, 0xF80E, 0xF80E, 0xF80E, 0xF80E,
	0xF80E, 0xF80E, 0xF80E, 0xF80E, 0xF80E, 0xF80E, 0xF80E, 0xF80E, 0xF80E, 0xF80E, 0xF80E, 0xF80E,
	0xF80E, 0xF80E, 0xF80E, 0xF80E, 0xF80E, 0xF80E, 0xF80E, 0xF80E, 0xF80E, 0xF80E, 0xF80E, 0xF80E,
	0xF80E, 0xF80E, 0xF80E, 0xF80E, 0xF80E, 0xF80E, 0xF02E, 0xF80D, 0xF80C, 0xC931, 0x345A, 0x061F,
	0x05DE, 0x0D5D, 0x057D, 0x057D, 0x057D, 0x057D, 0x057D, 0x057D, 0x057D, 0x057D, 0x057D, 0x059D,
	0x159D, 0x055D, 0x053D, 0x3E1E, 0xE7BF, 0xFFFF, 0xF7DF, 0xE7BF, 0xE7BF, 0xB75F, 0x35FE, 0x053D,
	0x055D, 0x059D, 0x057D, 0x057D, 0x057D, 0x057D, 0x057D, 0x057D, 0x057D, 0x057D, 0x057D, 0x057D,
	0x159E, 0x5E5E, 0xC77F, 0xF7FF, 0xF7FF, 0xC77F, 0x5E5E, 0x159E, 0x057D, 0x057D, 0x057D, 0x057D,
	0x057D, 0x057D, 0x057D, 0x057D, 0x057D, 0x057D, 0x0D9D, 0x055D, 0x051D, 0x4E3E, 0xFFFF, 0xF7DF,
	0x565E, 0x461E, 0xBF5F, 0xC75F, 0x3E1E, 0x053D, 0x055D, 0x0D9D, 0x057D, 0x057D, 0x057D, 0x057D,
	0x057D, 0x057D, 0x057D, 0x057D, 0x057D, 0x057D, 0x0D5D, 0x05DE, 0x061F, 0x345A, 0xC931, 0xF80C,
	0xF80D, 0xF02E, 0xF80E, 0xF80E, 0xF80E, 0xF80E, 0xF80E, 0xF80E, 0xF80E, 0xF80E, 0xF80E, 0xF80E,
	0xF80E, 0xF80E, 0xF80E, 0xF80E, 0xF80E, 0xF80E, 0xF80E, 0xF80E, 0xF80E, 0xF80E, 0xF80E, 0xF80E,
	0xF80E, 0xF80E, 0xF80E, 0xF80E, 0xF80E, 0xF80E, 0xF80E, 0xF80E, 0xF80E, 0xF80E, 0xF80E, 0xF80E,
	0xF80E, 0xF80E, 0xF02E, 0xF80D, 0xF80C, 0xC931, 0x345A, 0x061F, 0x05DE, 0x0D5D, 0x057D, 0x057D,
	0x057D, 0x057D, 0x057D, 0x057D, 0x057D, 0x057D, 0x057D, 0x057D, 0x055D, 0x053D, 0x053D, 0x2DFE,
	0x9F1F, 0xCF7F, 0xDFBF, 0xE7BF, 0xE7BF, 0xB73F, 0x35FE, 0x053D, 0x055D, 0x059D, 0x057D, 0x057D,
	0x057D, 0x057D, 0x057D, 0x057D, 0x057D, 0x057D, 0x055D, 0x0D9E, 0x565E, 0x9F1F, 0xEFDF, 0xFFFF,
	0xFFFF, 0xEFDF, 0x9F1F, 0x565E, 0x159E, 0x055D, 0x057D, 0x057D, 0x057D, 0x057D, 0x057D, 0x057D,
	0x057D, 0x057D, 0x059D, 0x055D, 0x053D, 0x3E1E, 0xBF5F, 0xA71F, 0x057D, 0x0D9E, 0xBF5F, 0xDFBF,
	0x463E, 0x051D, 0x053D, 0x057D, 0x057D, 0x057D, 0x057D, 0x057D, 0x057D, 0x057D, 0x057D, 0x057D,
	0x057D, 0x057D, 0x0D5D, 0x05DE, 0x061F, 0x345A, 0xC931, 0xF80C, 0xF80D, 0xF02E, 0xF80E, 0xF80E,
	0xF80E, 0xF80E, 0xF80E, 0xF80E, 0xF80E, 0xF80E, 0xF80E, 0xF80E, 0xF80E, 0xF80E, 0xF80E, 0xF80E,
	0xF80E, 0xF80E, 0xF80E, 0xF80E, 0xF80E, 0xF80E, 0xF80E, 0xF80E, 0xF80E, 0xF80E, 0xF80E, 0xF80E,
	0xF80E, 0xF80E, 0xF80E, 0xF80E, 0xF80E, 0xF80E, 0xF80E, 0xF80E, 0xF80E, 0xF80E, 0xF02E, 0xF80D,
	0xF80C, 0xC931, 0x345A, 0x061F, 0x05DE, 0x0D5D, 0x057D, 0x057D, 0x057D, 0x057D, 0x057D, 0x057D,
	0x057D, 0x057D, 0x059E, 0x057D, 0x053D, 0x053D, 0x055D, 0x0D9E, 0x2DFE, 0x35FE, 0x461E, 0x463E,
	0x463E, 0x35FE, 0x0D9E, 0x057D, 0x057D, 0x057D, 0x057D, 0x057D, 0x057D, 0x057D, 0x057D, 0x057D,
	0x059D, 0x057D, 0x057D, 0x3E1E, 0xB73F, 0xEFDF, 0xFFFF, 0xFFFF, 0xFFFF, 0xFFFF, 0xEFDF, 0xB73F,
	0x3E1E, 0x057D, 0x057D, 0x059D, 0x057D, 0x057D, 0x057D, 0x057D, 0x057D, 0x057D, 0x057D, 0x057D,
	0x057D, 0x159E, 0x35FE, 0x2DDE, 0x057D, 0x057D, 0x35FE, 0x463E, 0x15BE, 0x055D, 0x053D, 0x053D,
	0x057D, 0x059E, 0x057D, 0x057D, 0x057D, 0x057D, 0x057D, 0x057D, 0x057D, 0x057D, 0x0D5D, 0x05DE,
	0x061F, 0x345A, 0xC931, 0xF80C, 0xF80D, 0xF02E, 0xF80E, 0xF80E, 0xF80E, 0xF80E, 0xF80E, 0xF80E,
	0xF80E, 0xF80E, 0xF80E, 0xF80E, 0xF80E, 0xF80E, 0xF80E, 0xF80E, 0xF80E, 0xF80E, 0xF80E, 0xF80E,
	0xF80E, 0xF80E, 0xF80E, 0xF80E, 0xF80E, 0xF80E, 0xF80E, 0xF80E, 0xF80E, 0xF80E, 0xF80E, 0xF80E,
	0xF80E, 0xF80E, 0xF80E, 0xF80E, 0xF80E, 0xF80E, 0xF02E, 0xF80D, 0xF80C, 0xC931, 0x345A, 0x061F,
	0x05DE, 0x0D5D, 0x057D, 0x057D, 0x057D, 0x057D, 0x057D, 0x057D, 0x059D, 0x057D, 0x053D, 0x057D,
	0x2DFE, 0x35FE, 0x15BE, 0x055D, 0x053D, 0x053D, 0x053D, 0x051D, 0x053D, 0x053D, 0x057D, 0x057D,
	0x057D, 0x057D, 0x057D, 0x057D, 0x057D, 0x057D, 0x057D, 0x057D, 0x055D, 0x057D, 0x35FE, 0x8EDF,
	0xEFDF, 0xFFFF, 0xFFFF, 0xF7FF, 0xF7FF, 0xFFFF, 0xFFFF, 0xEFDF, 0x8EDF, 0x35FE, 0x057D, 0x055D,
	0x057D, 0x057D, 0x057D, 0x057D, 0x057D, 0x057D, 0x057D, 0x057D, 0x057D, 0x057D, 0x053D, 0x055D,
	0x059D, 0x057D, 0x053D, 0x051D, 0x055D, 0x15BE, 0x35FE, 0x2DFE, 0x057D, 0x053D, 0x057D, 0x059D,
	0x057D, 0x057D, 0x057D, 0x057D, 0x057D, 0x057D, 0x0D5D, 0x05DE, 0x061F, 0x345A, 0xC931, 0xF80C,
	0xF80D, 0xF02E, 0xF80E, 0xF80E, 0xF80E, 0xF80E, 0xF80E, 0xF80E, 0xF80E, 0xF80E, 0xF80E, 0xF80E,
	0xF80E, 0xF80E, 0xF80E, 0xF80E, 0xF80E, 0xF80E, 0xF80E, 0xF80E, 0xF80E, 0xF80E, 0xF80E, 0xF80E,
	0xF80E, 0xF80E, 0xF80E, 0xF80E, 0xF80E, 0xF80E, 0xF80E, 0xF80E, 0xF80E, 0xF80E, 0xF80E, 0xF80E,
	0xF80E, 0xF80E, 0xF02E, 0xF80D, 0xF80C, 0xC931, 0x345A, 0x061F, 0x05DE, 0x0D5D, 0x057D, 0x057D,
	0x057D, 0x057D, 0x057D, 0x059D, 0x0D9E, 0x055D, 0x04FD, 0x25DE, 0xB73F, 0xBF5F, 0x3E1E, 0x053D,
	0x055D, 0x057D, 0x057D, 0x055D, 0x055D, 0x057D, 0x057D, 0x057D, 0x057D, 0x057D, 0x057D, 0x057D,
	0x057D, 0x057D, 0x0D9E, 0x057D, 0x055D, 0x25DE, 0x96FF, 0xE7BF, 0xFFFF, 0xFFFF, 0xFFFF, 0xFFFF,
	0xFFFF, 0xFFFF, 0xFFFF, 0xFFFF, 0xE7BF, 0x9EFF, 0x25DE, 0x055D, 0x057D, 0x0D9E, 0x057D, 0x057D,
	0x057D, 0x057D, 0x057D, 0x057D, 0x057D, 0x057D, 0x055D, 0x057D, 0x059D, 0x0D9D, 0x057D, 0x053D,
	0x053D, 0x3E1E, 0xBF5F, 0xB73F, 0x25DE, 0x04FD, 0x055D, 0x0D9E, 0x059D, 0x057D, 0x057D, 0x057D,
	0x057D, 0x057D, 0x0D5D, 0x05DE, 0x061F, 0x345A, 0xC931, 0xF80C, 0xF80D, 0xF02E, 0xF80E, 0xF80E,
	0xF80E, 0xF80E, 0xF80E, 0xF80E, 0xF80E, 0xF80E, 0xF80E, 0xF80E, 0xF80E, 0xF80E, 0xF80E, 0xF80E,
	0xF80E, 0xF80E, 0xF80E, 0xF80E, 0xF80E, 0xF80E, 0xF80E, 0xF80E, 0xF80E, 0xF80E, 0xF80E, 0xF80E,
	0xF80E, 0xF80E, 0xF80E, 0xF80E, 0xF80E, 0xF80E, 0xF80E, 0xF80E, 0xF80E, 0xF80E, 0xF02E, 0xF80D,
	0xF80C, 0xC931, 0x345A, 0x061F, 0x05DE, 0x0D5D, 0x057D, 0x057D, 0x057D, 0x057D, 0x059D, 0x057D,
	0x055D, 0x055D, 0x259D, 0x769E, 0xFFFF, 0xF7DF, 0x3E1E, 0x04FD, 0x053D, 0x057D, 0x057D, 0x057D,
	0x057D, 0x057D, 0x057D, 0x057D, 0x057D, 0x057D, 0x057D, 0x057D, 0x057D, 0x057D, 0x055D, 0x055D,
	0x1DBE, 0x769E, 0xE7BF, 0xFFFF, 0xFFFF, 0xF7FF, 0xFFFF, 0xFFFF, 0xFFFF, 0xFFFF, 0xF7FF, 0xFFFF,
	0xFFFF, 0xE7BF, 0x769E, 0x1DBE, 0x055D, 0x055D, 0x057D, 0x057D, 0x057D, 0x057D, 0x057D, 0x057D,
	0x057D, 0x057D, 0x057D, 0x055D, 0x055D, 0x055D, 0x057D, 0x053D, 0x04FD, 0x3E1E, 0xF7DF, 0xFFFF,
	0x769E, 0x259D, 0x055D, 0x055D, 0x057D, 0x059D, 0x057D, 0x057D, 0x057D, 0x057D, 0x0D5D, 0x05DE,
	0x061F, 0x345A, 0xC931, 0xF80C, 0xF80D, 0xF02E, 0xF80E, 0xF80E, 0xF80E, 0xF80E, 0xF80E, 0xF80E,
	0xF80E, 0xF80E, 0xF80E, 0xF80E, 0xF80E, 0xF80E, 0xF80E, 0xF80E, 0xF80E, 0xF80E, 0xF80E, 0xF80E,
	0xF80E, 0xF80E, 0xF80E, 0xF80E, 0xF80E, 0xF80E, 0xF80E, 0xF80E, 0xF80E, 0xF80E, 0xF80E, 0xF80E,
	0xF80E, 0xF80E, 0xF80E, 0xF80E, 0xF80E, 0xF80E, 0xF02E, 0xF80D, 0xF80C, 0xC931, 0x345A, 0x061F,
	0x05DE, 0x0D5D, 0x057D, 0x057D, 0x057D, 0x059D, 0x0D9E, 0x055D, 0x051D, 0x159E, 0x96DF, 0xDFBF,
	0xFFFF, 0xD79F, 0x25DE, 0x04FD, 0x051D, 0x055D, 0x055D, 0x053D, 0x053D, 0x055D, 0x057D, 0x057D,
	0x057D, 0x057D, 0x057D, 0x059D, 0x0D9E, 0x055D, 0x051D, 0x0D9E, 0x7EBE, 0xD79F, 0xFFFF, 0xFFFF,
	0xFFFF, 0xFFFF, 0xFFFF, 0xFFFF, 0xFFFF, 0xFFFF, 0xFFFF, 0xFFFF, 0xFFFF, 0xFFFF, 0xD79F, 0x7EBE,
	0x0D9E, 0x051D, 0x055D, 0x0D9E, 0x059D, 0x057D, 0x057D, 0x057D, 0x057D, 0x057D, 0x055D, 0x053D,
	0x053D, 0x053D, 0x055D, 0x051D, 0x04FD, 0x25DE, 0xD79F, 0xFFFF, 0xDFBF, 0x96DF, 0x159E, 0x051D,
	0x055D, 0x0D9E, 0x059D, 0x057D, 0x057D, 0x057D, 0x0D5D, 0x05DE, 0x061F, 0x345A, 0xC931, 0xF80C,
	0xF80D, 0xF02E, 0xF80E, 0xF80E, 0xF80E, 0xF80E, 0xF80E, 0xF80E, 0xF80E, 0xF80E, 0xF80E, 0xF80E,
	0xF80E, 0xF80E, 0xF80E, 0xF80E, 0xF80E, 0xF80E, 0xF80E, 0xF80E, 0xF80E, 0xF80E, 0xF80E, 0xF80E,
	0xF80E, 0xF80E, 0xF80E, 0xF80E, 0xF80E, 0xF80E, 0xF80E, 0xF80E, 0xF80E, 0xF80E, 0xF80E, 0xF80E,
	0xF80E, 0xF80E, 0xF02E, 0xF80D, 0xF80C, 0xC931, 0x345A, 0x061F, 0x05DE, 0x0D5D, 0x057D, 0x057D,
	0x057D, 0x057D, 0x055D, 0x055D, 0x259E, 0x667E, 0xE7DF, 0xFFFF, 0xFFFF, 0xC77F, 0x5E5E, 0x35DE,
	0x35DE, 0x3E1E, 0x35FE, 0x35FE, 0x35FE, 0x2DDE, 0x0D9E, 0x057D, 0x057D, 0x057D, 0x057D, 0x057D,
	0x055D, 0x055D, 0x25BE, 0x5E5E, 0xCF7F, 0xFFFF, 0xFFFF, 0xFFFF, 0xFFFF, 0xFFFF, 0xFFFF, 0xFFFF,
	0xFFFF, 0xFFFF, 0xFFFF, 0xFFFF, 0xFFFF, 0xFFFF, 0xFFFF, 0xCF7F, 0x5E5E, 0x25BE, 0x055D, 0x055D,
	0x057D, 0x057D, 0x057D, 0x057D, 0x057D, 0x0D9E, 0x2DDE, 0x35FE, 0x35FE, 0x35FE, 0x3E1E, 0x35DE,
	0x35DE, 0x5E5E, 0xC77F, 0xFFFF, 0xFFFF, 0xE7DF, 0x667E, 0x259E, 0x055D, 0x055D, 0x057D, 0x057D,
	0x057D, 0x057D, 0x0D5D, 0x05DE, 0x061F, 0x345A, 0xC931, 0xF80C, 0xF80D, 0xF02E, 0xF80E, 0xF80E,
	0xF80E, 0xF80E, 0xF80E, 0xF80E, 0xF80E, 0xF80E, 0xF80E, 0xF80E, 0xF80E, 0xF80E, 0xF80E, 0xF80E,
	0xF80E, 0xF80E, 0xF80E, 0xF80E, 0xF80E, 0xF80E, 0xF80E, 0xF80E, 0xF80E, 0xF80E, 0xF80E, 0xF80E,
	0xF80E, 0xF80E, 0xF80E, 0xF80E, 0xF80E, 0xF80E, 0xF80E, 0xF80E, 0xF80E, 0xF80E, 0xF02E, 0xF80D,
	0xF80C, 0xC931, 0x345A, 0x061F, 0x05DE, 0x0D5D, 0x057D, 0x059D, 0x059D, 0x053D, 0x04FD, 0x159D,
	0x96FF, 0xDF9F, 0xFFFF, 0xFFFF, 0xFFFF, 0xEFDF, 0xD79F, 0xCF7F, 0xCF7F, 0xCF7F, 0xC77F, 0xCF7F,
	0xCF7F, 0x9F1F, 0x2DDE, 0x055D, 0x055D, 0x0D9E, 0x059D, 0x055D, 0x051D, 0x15BE, 0x96DF, 0xCF9F,
	0xEFDF, 0xFFFF, 0xFFFF, 0xFFFF, 0xFFFF, 0xFFFF, 0xFFFF, 0xFFFF, 0xFFFF, 0xFFFF, 0xFFFF, 0xFFFF,
	0xFFFF, 0xFFFF, 0xFFFF, 0xF7DF, 0xCF9F, 0x96DF, 0x15BE, 0x051D, 0x055D, 0x059D, 0x0D9E, 0x055D,
	0x055D, 0x2DDE, 0x9F1F, 0xCF7F, 0xCF7F, 0xC77F, 0xCF7F, 0xCF7F, 0xCF7F, 0xD79F, 0xEFDF, 0xFFFF,
	0xFFFF, 0xFFFF, 0xDF9F, 0x96FF, 0x159D, 0x04FD, 0x053D, 0x059D, 0x059D, 0x057D, 0x0D5D, 0x05DE,
	0x061F, 0x345A, 0xC931, 0xF80C, 0xF80D, 0xF02E, 0xF80E, 0xF80E, 0xF80E, 0xF80E, 0xF80E, 0xF80E,
	0xF80E, 0xF80E, 0xF80E, 0xF80E, 0xF80E, 0xF80E, 0xF80E, 0xF80E, 0xF80E, 0xF80E, 0xF80E, 0xF80E,
	0xF80E, 0xF80E, 0xF80E, 0xF80E, 0xF80E, 0xF80E, 0xF80E, 0xF80E, 0xF80E, 0xF80E, 0xF80E, 0xF80E,
	0xF80E, 0xF80E, 0xF80E, 0xF80E, 0xF80E, 0xF80E, 0xF02E, 0xF80D, 0xF80C, 0xC931, 0x345A, 0x061F,
	0x05DE, 0x0D5D, 0x057D, 0x057D, 0x057D, 0x0D7D, 0x35DE, 0x769E, 0xEFDF, 0xFFFF, 0xFFFF, 0xF7FF,
	0xFFFF, 0xFFFF, 0xFFFF, 0xFFFF, 0xFFFF, 0xFFFF, 0xFFFF, 0xFFFF, 0xFFFF, 0xDFBF, 0x3E1E, 0x053D,
	0x055D, 0x0D9E, 0x057D, 0x0D7D, 0x35DE, 0x7EBE, 0xFFFF, 0xFFFF, 0xFFFF, 0xFFFF, 0xFFFF, 0xFFFF,
	0xFFFF, 0xFFFF, 0xFFFF, 0xFFFF, 0xFFFF, 0xFFFF, 0xFFFF, 0xFFFF, 0xFFFF, 0xFFFF, 0xFFFF, 0xFFFF,
	0xFFFF, 0xFFFF, 0x7EBE, 0x35DE, 0x0D7D, 0x057D, 0x0D9E, 0x055D, 0x053D, 0x3E1E, 0xDFBF, 0xFFFF,
	0xFFFF, 0xFFFF, 0xFFFF, 0xFFFF, 0xFFFF, 0xFFFF, 0xFFFF, 0xFFFF, 0xF7FF, 0xFFFF, 0xFFFF, 0xEFDF,
	0x769E, 0x35DE, 0x0D7D, 0x057D, 0x057D, 0x057D, 0x0D5D, 0x05DE, 0x061F, 0x345A, 0xC931, 0xF80C,
	0xF80D, 0xF02E, 0xF80E, 0xF80E, 0xF80E, 0xF80E, 0xF80E, 0xF80E, 0xF80E, 0xF80E, 0xF80E, 0xF80E,
	0xF80E, 0xF80E, 0xF80E, 0xF80E, 0xF80E, 0xF80E, 0xF80E, 0xF80E, 0xF80E, 0xF80E, 0xF80E, 0xF80E,
	0xF80E, 0xF80E, 0xF80E, 0xF80E, 0xF80E, 0xF80E, 0xF80E, 0xF80E, 0xF80E, 0xF80E, 0xF80E, 0xF80E,
	0xF80E, 0xF80E, 0xF02E, 0xF80D, 0xF80C, 0xC931, 0x345A, 0x061F, 0x05DE, 0x0D5D, 0x0D7D, 0x055D,
	0x053D, 0x35FE, 0xB73F, 0xEFDF, 0xFFFF, 0xFFFF, 0xFFFF, 0xFFFF, 0xFFFF, 0xFFFF, 0xFFFF, 0xFFFF,
	0xFFFF, 0xFFFF, 0xFFFF, 0xFFFF, 0xFFFF, 0xCF9F, 0x3E1E, 0x053D, 0x057D, 0x057D, 0x055D, 0x2DFE,
	0xB73F, 0xF7DF, 0xFFFF, 0xFFFF, 0xFFFF, 0xFFFF, 0xFFFF, 0xFFFF, 0xFFFF, 0xFFFF, 0xFFFF, 0xFFFF,
	0xFFFF, 0xFFFF, 0xFFFF, 0xFFFF, 0xFFFF, 0xFFFF, 0xFFFF, 0xFFFF, 0xFFFF, 0xFFFF, 0xF7DF, 0xB73F,
	0x2DFE, 0x055D, 0x057D, 0x057D, 0x053D, 0x3E1E, 0xCF9F, 0xFFFF, 0xFFFF, 0xFFFF, 0xFFFF, 0xFFFF,
	0xFFFF, 0xFFFF, 0xFFFF, 0xFFFF, 0xFFFF, 0xFFFF, 0xFFFF, 0xFFFF, 0xEFDF, 0xB73F, 0x35FE, 0x053D,
	0x055D, 0x0D7D, 0x0D5D, 0x05DE, 0x061F, 0x345A, 0xC931, 0xF80C, 0xF80D, 0xF02E, 0xF80E, 0xF80E,
	0xF80E, 0xF80E, 0xF80E, 0xF80E, 0xF80E, 0xF80E, 0xF80E, 0xF80E, 0xF80E, 0xF80E, 0xF80E, 0xF80E,
	0xF80E, 0xF80E, 0xF80E, 0xF80E, 0xF80E, 0xF80E, 0xF80E, 0xF80E, 0xF80E, 0xF80E, 0xF80E, 0xF80E,
	0xF80E, 0xF80E, 0xF80E, 0xF80E, 0xF80E, 0xF80E, 0xF80E, 0xF80E, 0xF80E, 0xF80E, 0xF02E, 0xF80D,
	0xF80C, 0xC931, 0x345A, 0x061F, 0x05DE, 0x0D5D, 0x0D7D, 0x055D, 0x053D, 0x35FE, 0xB73F, 0xEFDF,
	0xFFFF, 0xFFFF, 0xFFFF, 0xFFFF, 0xFFFF, 0xFFFF, 0xFFFF, 0xFFFF, 0xFFFF, 0xFFFF, 0xFFFF, 0xFFFF,
	0xFFFF, 0xCF9F, 0x3E1E, 0x053D, 0x057D, 0x057D, 0x053D, 0x35FE, 0xBF5F, 0xE7BF, 0xCF7F, 0xBF5F,
	0xC75F, 0xD79F, 0xF7FF, 0xFFFF, 0xFFFF, 0xFFFF, 0xFFFF, 0xFFFF, 0xFFFF, 0xFFFF, 0xFFFF, 0xFFFF,
	0xFFFF, 0xF7FF, 0xD79F, 0xC75F, 0xBF5F, 0xCF7F, 0xE7BF, 0xBF5F, 0x35FE, 0x053D, 0x057D, 0x057D,
	0x053D, 0x3E1E, 0xCF9F, 0xFFFF, 0xFFFF, 0xFFFF, 0xFFFF, 0xFFFF, 0xFFFF, 0xFFFF, 0xFFFF, 0xFFFF,
	0xFFFF, 0xFFFF, 0xFFFF, 0xFFFF, 0xEFDF, 0xB73F, 0x35FE, 0x053D, 0x055D, 0x0D7D, 0x0D5D, 0x05DE,
	0x061F, 0x345A, 0xC931, 0xF80C, 0xF80D, 0xF02E, 0xF80E, 0xF80E, 0xF80E, 0xF80E, 0xF80E, 0xF80E,
	0xF80E, 0xF80E, 0xF80E, 0xF80E, 0xF80E, 0xF80E, 0xF80E, 0xF80E, 0xF80E, 0xF80E, 0xF80E, 0xF80E,
	0xF80E, 0xF80E, 0xF80E, 0xF80E, 0xF80E, 0xF80E, 0xF80E, 0xF80E, 0xF80E, 0xF80E, 0xF80E, 0xF80E,
	0xF80E, 0xF80E, 0xF80E, 0xF80E, 0xF80E, 0xF80E, 0xF02E, 0xF80D, 0xF80C, 0xC931, 0x345A, 0x061F,
	0x05DE, 0x0D5D, 0x057D, 0x057D, 0x057D, 0x0D7D, 0x35DE, 0x769E, 0xEFDF, 0xFFFF, 0xFFFF, 0xF7FF,
	0xFFFF, 0xFFFF, 0xFFFF, 0xFFFF, 0xFFFF, 0xFFFF, 0xFFFF, 0xFFFF, 0xFFFF, 0xDFBF, 0x3E1E, 0x053D,
	0x055D, 0x057D, 0x055D, 0x15BE, 0x4E3E, 0x5E5E, 0x463E, 0x35DE, 0x35DE, 0x667E, 0xD79F, 0xFFFF,
	0xFFFF, 0xFFFF, 0xFFFF, 0xFFFF, 0xFFFF, 0xFFFF, 0xFFFF, 0xFFFF, 0xFFFF, 0xD79F, 0x667E, 0x35DE,
	0x35DE, 0x463E, 0x5E5E, 0x4E3E, 0x15BE, 0x055D, 0x057D, 0x055D, 0x053D, 0x3E1E, 0xDFBF, 0xFFFF,
	0xFFFF, 0xFFFF, 0xFFFF, 0xFFFF, 0xFFFF, 0xFFFF, 0xFFFF, 0xFFFF, 0xF7FF, 0xFFFF, 0xFFFF, 0xEFDF,
	0x769E, 0x35DE, 0x0D7D, 0x057D, 0x057D, 0x057D, 0x0D5D, 0x05DE, 0x061F, 0x345A, 0xC931, 0xF80C,
	0xF80D, 0xF02E, 0xF80E, 0xF80E, 0xF80E, 0xF80E, 0xF80E, 0xF80E, 0xF80E, 0xF80E, 0xF80E, 0xF80E,
	0xF80E, 0xF80E, 0xF80E, 0xF80E, 0xF80E, 0xF80E, 0xF80E, 0xF80E, 0xF80E, 0xF80E, 0xF80E, 0xF80E,
	0xF80E, 0xF80E, 0xF80E, 0xF80E, 0xF80E, 0xF80E, 0xF80E, 0xF80E, 0xF80E, 0xF80E, 0xF80E, 0xF80E,
	0xF80E, 0xF80E, 0xF02E, 0xF80D, 0xF80C, 0xC931, 0x345A, 0x061F, 0x05DE, 0x0D5D, 0x057D, 0x059D,
	0x059D, 0x053D, 0x04FD, 0x159D, 0x96FF, 0xDF9F, 0xFFFF, 0xFFFF, 0xFFFF, 0xEFDF, 0xD79F, 0xCF7F,
	0xCF7F, 0xCF7F, 0xC77F, 0xCF7F, 0xCF7F, 0x9F1F, 0x2DDE, 0x055D, 0x055D, 0x059D, 0x057D, 0x057D,
	0x057D, 0x057D, 0x055D, 0x051D, 0x04FD, 0x25DE, 0xC77F, 0xFFFF, 0xFFFF, 0xF7FF, 0xFFFF, 0xFFFF,
	0xFFFF, 0xFFFF, 0xF7FF, 0xFFFF, 0xFFFF, 0xC77F, 0x25DE, 0x04FD, 0x051D, 0x055D, 0x057D, 0x057D,
	0x057D, 0x057D, 0x059D, 0x055D, 0x055D, 0x2DDE, 0x9F1F, 0xCF7F, 0xCF7F, 0xC77F, 0xCF7F, 0xCF7F,
	0xCF7F, 0xD79F, 0xEFDF, 0xFFFF, 0xFFFF, 0xFFFF, 0xDF9F, 0x96FF, 0x159D, 0x04FD, 0x053D, 0x059D,
	0x059D, 0x057D, 0x0D5D, 0x05DE, 0x061F, 0x345A, 0xC931, 0xF80C, 0xF80D, 0xF02E, 0xF80E, 0xF80E,
	0xF80E, 0xF80E, 0xF80E, 0xF80E, 0xF80E, 0xF80E, 0xF80E, 0xF80E, 0xF80E, 0xF80E, 0xF80E, 0xF80E,
	0xF80E, 0xF80E, 0xF80E, 0xF80E, 0xF80E, 0xF80E, 0xF80E, 0xF80E, 0xF80E, 0xF80E, 0xF80E, 0xF80E,
	0xF80E, 0xF80E, 0xF80E, 0xF80E, 0xF80E, 0xF80E, 0xF80E, 0xF80E, 0xF80E, 0xF80E, 0xF02E, 0xF80D,
	0xF80C, 0xC931, 0x345A, 0x061F, 0x05DE, 0x0D5D, 0x057D, 0x057D, 0x057D, 0x057D, 0x055D, 0x055D,
	0x259E, 0x667E, 0xE7DF, 0xFFFF, 0xFFFF, 0xC77F, 0x5E5E, 0x35DE, 0x35DE, 0x3E1E, 0x35FE, 0x35FE,
	0x35FE, 0x2DDE, 0x0D9E, 0x057D, 0x057D, 0x057D, 0x057D, 0x057D, 0x057D, 0x057D, 0x057D, 0x053D,
	0x051D, 0x2DDE, 0xC77F, 0xFFFF, 0xFFFF, 0xF7FF, 0xFFFF, 0xFFFF, 0xFFFF, 0xFFFF, 0xF7FF, 0xFFFF,
	0xFFFF, 0xC77F, 0x2DDE, 0x051D, 0x053D, 0x057D, 0x057D, 0x057D, 0x057D, 0x057D, 0x057D, 0x057D,
	0x057D, 0x0D9E, 0x2DDE, 0x35FE, 0x35FE, 0x35FE, 0x3E1E, 0x35DE, 0x35DE, 0x5E5E, 0xC77F, 0xFFFF,
	0xFFFF, 0xE7DF, 0x667E, 0x259E, 0x055D, 0x055D, 0x057D, 0x057D, 0x057D, 0x057D, 0x0D5D, 0x05DE,
	0x061F, 0x345A, 0xC931, 0xF80C, 0xF80D, 0xF02E, 0xF80E, 0xF80E, 0xF80E, 0xF80E, 0xF80E, 0xF80E,
	0xF80E, 0xF80E, 0xF80E, 0xF80E, 0xF80E, 0xF80E, 0xF80E, 0xF80E, 0xF80E, 0xF80E, 0xF80E, 0xF80E,
	0xF80E, 0xF80E, 0xF80E, 0xF80E, 0xF80E, 0xF80E, 0xF80E, 0xF80E, 0xF80E, 0xF80E, 0xF80E, 0xF80E,
	0xF80E, 0xF80E, 0xF80E, 0xF80E, 0xF80E, 0xF80E, 0xF02E, 0xF80D, 0xF80C, 0xC931, 0x345A, 0x061F,
	0x05DE, 0x0D5D, 0x057D, 0x057D, 0x057D, 0x059D, 0x0D9E, 0x055D, 0x051D, 0x159E, 0x96DF, 0xDFBF,
	0xFFFF, 0xD79F, 0x25DE, 0x04FD, 0x051D, 0x055D, 0x053D, 0x053D, 0x053D, 0x053D, 0x057D, 0x057D,
	0x057D, 0x057D, 0x057D, 0x057D, 0x057D, 0x059D, 0x0D9D, 0x057D, 0x0D5D, 0x3E1E, 0xCF7F, 0xFFFF,
	0xFFFF, 0xF7FF, 0xFFFF, 0xFFFF, 0xFFFF, 0xFFFF, 0xF7FF, 0xFFFF, 0xFFFF, 0xCF7F, 0x3E1E, 0x0D5D,
	0x057D, 0x0D9D, 0x059D, 0x057D, 0x057D, 0x057D, 0x057D, 0x057D, 0x057D, 0x057D, 0x053D, 0x053D,
	0x053D, 0x053D, 0x055D, 0x051D, 0x04FD, 0x25DE, 0xD79F, 0xFFFF, 0xDFBF, 0x96DF, 0x159E, 0x051D,
	0x055D, 0x0D9E, 0x059D, 0x057D, 0x057D, 0x057D, 0x0D5D, 0x05DE, 0x061F, 0x345A, 0xC931, 0xF80C,
	0xF80D, 0xF02E, 0xF80E, 0xF80E, 0xF80E, 0xF80E, 0xF80E, 0xF80E, 0xF80E, 0xF80E, 0xF80E, 0xF80E,
	0xF80E, 0xF80E, 0xF80E, 0xF80E, 0xF80E, 0xF80E, 0xF80E, 0xF80E, 0xF80E, 0xF80E, 0xF80E, 0xF80E,
	0xF80E, 0xF80E, 0xF80E, 0xF80E, 0xF80E, 0xF80E, 0xF80E, 0xF80E, 0xF80E, 0xF80E, 0xF80E, 0xF80E,
	0xF80E, 0xF80E, 0xF02E, 0xF80D, 0xF80C, 0xC931, 0x345A, 0x061F, 0x05DE, 0x0D5D, 0x057D, 0x057D,
	0x057D, 0x057D, 0x059D, 0x057D, 0x055D, 0x055D, 0x259D, 0x769E, 0xFFFF, 0xF7DF, 0x3E1E, 0x04FD,
	0x051D, 0x055D, 0x055D, 0x055D, 0x055D, 0x055D, 0x057D, 0x057D, 0x057D, 0x057D, 0x057D, 0x057D,
	0x057D, 0x057D, 0x0D9D, 0x055D, 0x053D, 0x35FE, 0xCF7F, 0xFFFF, 0xFFFF, 0xF7FF, 0xFFFF, 0xFFFF,
	0xFFFF, 0xFFFF, 0xF7FF, 0xFFFF, 0xFFFF, 0xCF7F, 0x35FE, 0x053D, 0x055D, 0x0D9D, 0x057D, 0x057D,
	0x057D, 0x057D, 0x057D, 0x057D, 0x057D, 0x057D, 0x055D, 0x055D, 0x055D, 0x055D, 0x055D, 0x051D,
	0x04FD, 0x3E1E, 0xF7DF, 0xFFFF, 0x769E, 0x259D, 0x055D, 0x055D, 0x057D, 0x059D, 0x057D, 0x057D,
	0x057D, 0x057D, 0x0D5D, 0x05DE, 0x061F, 0x345A, 0xC931, 0xF80C, 0xF80D, 0xF02E, 0xF80E, 0xF80E,
	0xF80E, 0xF80E, 0xF80E, 0xF80E, 0xF80E, 0xF80E, 0xF80E, 0xF80E, 0xF80E, 0xF80E, 0xF80E, 0xF80E,
	0xF80E, 0xF80E, 0xF80E, 0xF80E, 0xF80E, 0xF80E, 0xF80E, 0xF80E, 0xF80E, 0xF80E, 0xF80E, 0xF80E,
	0xF80E, 0xF80E, 0xF80E, 0xF80E, 0xF80E, 0xF80E, 0xF80E, 0xF80E, 0xF80E, 0xF80E, 0xF02E, 0xF80D,
	0xF80C, 0xC931, 0x345A, 0x061F, 0x05DE, 0x0D5D, 0x057D, 0x057D, 0x057D, 0x057D, 0x057D, 0x059D,
	0x0D9E, 0x055D, 0x04FD, 0x25DE, 0xB73F, 0xBF5F, 0x3E1E, 0x0D5D, 0x0D7D, 0x0D9D, 0x0D9D, 0x0D9D,
	0x0D9D, 0x059D, 0x057D, 0x057D, 0x057D, 0x057D, 0x057D, 0x057D, 0x057D, 0x057D, 0x0D9D, 0x055D,
	0x053D, 0x35FE, 0xCF7F, 0xFFFF, 0xFFFF, 0xF7FF, 0xFFFF, 0xFFFF, 0xFFFF, 0xFFFF, 0xF7FF, 0xFFFF,
	0xFFFF, 0xCF7F, 0x35FE, 0x053D, 0x055D, 0x0D9D, 0x057D, 0x057D, 0x057D, 0x057D, 0x057D, 0x057D,
	0x057D, 0x057D, 0x059D, 0x0D9D, 0x0D9D, 0x0D9D, 0x0D9D, 0x0D7D, 0x0D5D, 0x3E1E, 0xBF5F, 0xB73F,
	0x25DE, 0x04FD, 0x055D, 0x0D9E, 0x059D, 0x057D, 0x057D, 0x057D, 0x057D, 0x057D, 0x0D5D, 0x05DE,
	0x061F, 0x345A, 0xC931, 0xF80C, 0xF80D, 0xF02E, 0xF80E, 0xF80E, 0xF80E, 0xF80E, 0xF80E, 0xF80E,
	0xF80E, 0xF80E, 0xF80E, 0xF80E, 0xF80E, 0xF80E, 0xF80E, 0xF80E, 0xF80E, 0xF80E, 0xF80E, 0xF80E,
	0xF80E, 0xF80E, 0xF80E, 0xF80E, 0xF80E, 0xF80E, 0xF80E, 0xF80E, 0xF80E, 0xF80E, 0xF80E, 0xF80E,
	0xF80E, 0xF80E, 0xF80E, 0xF80E, 0xF80E, 0xF80E, 0xF02E, 0xF80D, 0xF80C, 0xC931, 0x345A, 0x061F,
	0x05DE, 0x0D5D, 0x057D, 0x057D, 0x057D, 0x057D, 0x057D, 0x057D, 0x059D, 0x057D, 0x053D, 0x057D,
	0x2DFE, 0x35FE, 0x159E, 0x057D, 0x057D, 0x057D, 0x057D, 0x057D, 0x057D, 0x057D, 0x057D, 0x057D,
	0x057D, 0x057D, 0x057D, 0x057D, 0x057D, 0x057D, 0x0D9D, 0x055D, 0x053D, 0x35FE, 0xC77F, 0xF7FF,
	0xF7FF, 0xF7DF, 0xF7FF, 0xF7FF, 0xF7FF, 0xF7FF, 0xF7DF, 0xF7FF, 0xF7FF, 0xC77F, 0x35FE, 0x053D,
	0x055D, 0x0D9D, 0x057D, 0x057D, 0x057D, 0x057D, 0x057D, 0x057D, 0x057D, 0x057D, 0x057D, 0x057D,
	0x057D, 0x057D, 0x057D, 0x057D, 0x057D, 0x159E, 0x35FE, 0x2DFE, 0x057D, 0x053D, 0x057D, 0x059D,
	0x057D, 0x057D, 0x057D, 0x057D, 0x057D, 0x057D, 0x0D5D, 0x05DE, 0x061F, 0x345A, 0xC931, 0xF80C,
	0xF80D, 0xF02E, 0xF80E, 0xF80E, 0xF80E, 0xF80E, 0xF80E, 0xF80E, 0xF80E, 0xF80E, 0xF80E, 0xF80E,
	0xF80E, 0xF80E, 0xF80E, 0xF80E, 0xF80E, 0xF80E, 0xF80E, 0xF80E, 0xF80E, 0xF80E, 0xF80E, 0xF80E,
	0xF80E, 0xF80E, 0xF80E, 0xF80E, 0xF80E, 0xF80E, 0xF80E, 0xF80E, 0xF80E, 0xF80E, 0xF80E, 0xF80E,
	0xF80E, 0xF80E, 0xF02E, 0xF80D, 0xF80C, 0xC931, 0x345A, 0x061F, 0x05DE, 0x0D5D, 0x057D, 0x057D,
	0x057D, 0x057D, 0x057D, 0x057D, 0x057D, 0x057D, 0x059E, 0x057D, 0x053D, 0x053D, 0x057D, 0x057D,
	0x057D, 0x057D, 0x057D, 0x057D, 0x057D, 0x057D, 0x057D, 0x057D, 0x057D, 0x057D, 0x057D, 0x057D,
	0x057D, 0x057D, 0x0D9D, 0x055D, 0x053D, 0x3E1E, 0xD79F, 0xFFFF, 0xFFFF, 0xFFFF, 0xFFFF, 0xFFFF,
	0xFFFF, 0xFFFF, 0xFFFF, 0xFFFF, 0xFFFF, 0xD79F, 0x3E1E, 0x053D, 0x055D, 0x0D9D, 0x057D, 0x057D,
	0x057D, 0x057D, 0x057D, 0x057D, 0x057D, 0x057D, 0x057D, 0x057D, 0x057D, 0x057D, 0x057D, 0x057D,
	0x057D, 0x057D, 0x053D, 0x053D, 0x057D, 0x059E, 0x057D, 0x057D, 0x057D, 0x057D, 0x057D, 0x057D,
	0x057D, 0x057D, 0x0D5D, 0x05DE, 0x061F, 0x345A, 0xC931, 0xF80C, 0xF80D, 0xF02E, 0xF80E, 0xF80E,
	0xF80E, 0xF80E, 0xF80E, 0xF80E, 0xF80E, 0xF80E, 0xF80E, 0xF80E, 0xF80E, 0xF80E, 0xF80E, 0xF80E,
	0xF80E, 0xF80E, 0xF80E, 0xF80E, 0xF80E, 0xF80E, 0xF80E, 0xF80E, 0xF80E, 0xF80E, 0xF80E, 0xF80E,
	0xF80E, 0xF80E, 0xF80E, 0xF80E, 0xF80E, 0xF80E, 0xF80E, 0xF80E, 0xF80E, 0xF80E, 0xF02E, 0xF80D,
	0xF80C, 0xC931, 0x345A, 0x061F, 0x05DE, 0x0D5D, 0x057D, 0x057D, 0x057D, 0x057D, 0x057D, 0x057D,
	0x057D, 0x057D, 0x057D, 0x057D, 0x055D, 0x055D, 0x057D, 0x057D, 0x057D, 0x057D, 0x057D, 0x057D,
	0x057D, 0x057D, 0x057D, 0x057D, 0x057D, 0x057D, 0x057D, 0x057D, 0x057D, 0x057D, 0x0D9D, 0x055D,
	0x053D, 0x3E1E, 0xDFBF, 0xFFFF, 0xFFFF, 0xFFFF, 0xFFFF, 0xFFFF, 0xFFFF, 0xFFFF, 0xFFFF, 0xFFFF,
	0xFFFF, 0xDFBF, 0x3E1E, 0x053D, 0x055D, 0x0D9D, 0x057D, 0x057D, 0x057D, 0x057D, 0x057D, 0x057D,
	0x057D, 0x057D, 0x057D, 0x057D, 0x057D, 0x057D, 0x057D, 0x057D, 0x057D, 0x057D, 0x055D, 0x055D,
	0x057D, 0x057D, 0x057D, 0x057D, 0x057D, 0x057D, 0x057D, 0x057D, 0x057D, 0x057D, 0x0D5D, 0x05DE,
	0x061F, 0x345A, 0xC931, 0xF80C, 0xF80D, 0xF02E, 0xF80E, 0xF80E, 0xF80E, 0xF80E, 0xF80E, 0xF80E,
	0xF80E, 0xF80E, 0xF80E, 0xF80E, 0xF80E, 0xF80E, 0xF80E, 0xF80E, 0xF80E, 0xF80E, 0xF80E, 0xF80E,
	0xF80E, 0xF80E, 0xF80E, 0xF80E, 0xF80E, 0xF80E, 0xF80E, 0xF80E, 0xF80E, 0xF80E, 0xF80E, 0xF80E,
	0xF80E, 0xF80E, 0xF80E, 0xF80E, 0xF80E, 0xF80E, 0xF02E, 0xF80D, 0xF80C, 0xC931, 0x345A, 0x061F,
	0x05DE, 0x0D5D, 0x057D, 0x057D, 0x057D, 0x057D, 0x057D, 0x057D, 0x057D, 0x057D, 0x057D, 0x057D,
	0x059D, 0x059D, 0x057D, 0x057D, 0x057D, 0x057D, 0x057D, 0x057D, 0x057D, 0x057D, 0x057D, 0x057D,
	0x057D, 0x057D, 0x057D, 0x057D, 0x057D, 0x057D, 0x059D, 0x055D, 0x055D, 0x2DDE, 0x9F1F, 0xCF7F,
	0xCF7F, 0xC77F, 0xCF7F, 0xCF7F, 0xCF7F, 0xCF7F, 0xC77F, 0xCF7F, 0xCF7F, 0x9F1F, 0x2DDE, 0x055D,
	0x055D, 0x059D, 0x057D, 0x057D, 0x057D, 0x057D, 0x057D, 0x057D, 0x057D, 0x057D, 0x057D, 0x057D,
	0x057D, 0x057D, 0x057D, 0x057D, 0x057D, 0x057D, 0x059D, 0x059D, 0x057D, 0x057D, 0x057D, 0x057D,
	0x057D, 0x057D, 0x057D, 0x057D, 0x057D, 0x057D, 0x0D5D, 0x05DE, 0x061F, 0x345A, 0xC931, 0xF80C,
	0xF80D, 0xF02E, 0xF80E, 0xF80E, 0xF80E, 0xF80E, 0xF80E, 0xF80E, 0xF80E, 0xF80E, 0xF80E, 0xF80E,
	0xF80E, 0xF80E, 0xF80E, 0xF80E, 0xF80E, 0xF80E, 0xF80E, 0xF80E, 0xF80E, 0xF80E, 0xF80E, 0xF80E,
	0xF80E, 0xF80E, 0xF80E, 0xF80E, 0xF80E, 0xF80E, 0xF80E, 0xF80E, 0xF80E, 0xF80E, 0xF80E, 0xF80E,
	0xF80E, 0xF80E, 0xF02E, 0xF80D, 0xF80C, 0xC931, 0x345A, 0x061F, 0x05DE, 0x0D5D, 0x057D, 0x057D,
	0x057D, 0x057D, 0x057D, 0x057D, 0x057D, 0x057D, 0x057D, 0x057D, 0x057D, 0x057D, 0x057D, 0x057D,
	0x057D, 0x057D, 0x057D, 0x057D, 0x057D, 0x057D, 0x057D, 0x057D, 0x057D, 0x057D, 0x057D, 0x057D,
	0x057D, 0x057D, 0x057D, 0x057D, 0x057D, 0x0D9E, 0x2DDE, 0x35FE, 0x35FE, 0x35FE, 0x35FE, 0x35FE,
	0x35FE, 0x35FE, 0x35FE, 0x35FE, 0x35FE, 0x2DDE, 0x0D9E, 0x057D, 0x057D, 0x057D, 0x057D, 0x057D,
	0x057D, 0x057D, 0x057D, 0x057D, 0x057D, 0x057D, 0x057D, 0x057D, 0x057D, 0x057D, 0x057D, 0x057D,
	0x057D, 0x057D, 0x057D, 0x057D, 0x057D, 0x057D, 0x057D, 0x057D, 0x057D, 0x057D, 0x057D, 0x057D,
	0x057D, 0x057D, 0x0D5D, 0x05DE, 0x061F, 0x345A, 0xC931, 0xF80C, 0xF80D, 0xF02E, 0xF80E, 0xF80E,
	0xF80E, 0xF80E, 0xF80E, 0xF80E, 0xF80E, 0xF80E, 0xF80E, 0xF80E, 0xF80E, 0xF80E, 0xF80E, 0xF80E,
	0xF80E, 0xF80E, 0xF80E, 0xF80E, 0xF80E, 0xF80E, 0xF80E, 0xF80E, 0xF80E, 0xF80E, 0xF80E, 0xF80E,
	0xF80E, 0xF80E, 0xF80E, 0xF80E, 0xF80E, 0xF80E, 0xF80E, 0xF80E, 0xF80E, 0xF80E, 0xF02E, 0xF80D,
	0xF80C, 0xC931, 0x345A, 0x061F, 0x05DE, 0x0D5D, 0x057D, 0x057D, 0x057D, 0x057D, 0x057D, 0x057D,
	0x057D, 0x057D, 0x057D, 0x057D, 0x057D, 0x057D, 0x057D, 0x057D, 0x057D, 0x057D, 0x057D, 0x057D,
	0x057D, 0x057D, 0x057D, 0x057D, 0x057D, 0x057D, 0x057D, 0x057D, 0x057D, 0x057D, 0x057D, 0x057D,
	0x057D, 0x057D, 0x053D, 0x053D, 0x053D, 0x053D, 0x053D, 0x053D, 0x053D, 0x053D, 0x053D, 0x053D,
	0x053D, 0x053D, 0x057D, 0x057D, 0x057D, 0x057D, 0x057D, 0x057D, 0x057D, 0x057D, 0x057D, 0x057D,
	0x057D, 0x057D, 0x057D, 0x057D, 0x057D, 0x057D, 0x057D, 0x057D, 0x057D, 0x057D, 0x057D, 0x057D,
	0x057D, 0x057D, 0x057D, 0x057D, 0x057D, 0x057D, 0x057D, 0x057D, 0x057D, 0x057D, 0x0D5D, 0x05DE,
	0x061F, 0x345A, 0xC931, 0xF80C, 0xF80D, 0xF02E, 0xF80E, 0xF80E, 0xF80E, 0xF80E, 0xF80E, 0xF80E,
	0xF80E, 0xF80E, 0xF80E, 0xF80E, 0xF80E, 0xF80E, 0xF80E, 0xF80E, 0xF80E, 0xF80E, 0xF80E, 0xF80E,
	0xF80E, 0xF80E, 0xF80E, 0xF80E, 0xF80E, 0xF80E, 0xF80E, 0xF80E, 0xF80E, 0xF80E, 0xF80E, 0xF80E,
	0xF80E, 0xF80E, 0xF80E, 0xF80E, 0xF80E, 0xF80E, 0xF02E, 0xF80D, 0xF80C, 0xC931, 0x345A, 0x061F,
	0x05DE, 0x0D5D, 0x057D, 0x057D, 0x057D, 0x057D, 0x057D, 0x057D, 0x057D, 0x057D, 0x057D, 0x057D,
	0x057D, 0x057D, 0x057D, 0x057D, 0x057D, 0x057D, 0x057D, 0x057D, 0x057D, 0x057D, 0x057D, 0x057D,
	0x057D, 0x057D, 0x057D, 0x057D, 0x057D, 0x057D, 0x057D, 0x057D, 0x057D, 0x057D, 0x055D, 0x055D,
	0x055D, 0x055D, 0x055D, 0x055D, 0x055D, 0x055D, 0x055D, 0x055D, 0x055D, 0x055D, 0x057D, 0x057D,
	0x057D, 0x057D, 0x057D, 0x057D, 0x057D, 0x057D, 0x057D, 0x057D, 0x057D, 0x057D, 0x057D, 0x057D,
	0x057D, 0x057D, 0x057D, 0x057D, 0x057D, 0x057D, 0x057D, 0x057D, 0x057D, 0x057D, 0x057D, 0x057D,
	0x057D, 0x057D, 0x057D, 0x057D, 0x057D, 0x057D, 0x0D5D, 0x05DE, 0x061F, 0x345A, 0xC931, 0xF80C,
	0xF80D, 0xF02E, 0xF80E, 0xF80E, 0xF80E, 0xF80E, 0xF80E, 0xF80E, 0xF80E, 0xF80E, 0xF80E, 0xF80E,
	0xF80E, 0xF80E, 0xF80E, 0xF80E, 0xF80E, 0xF80E, 0xF80E, 0xF80E, 0xF80E, 0xF80E, 0xF80E, 0xF80E,
	0xF80E, 0xF80E, 0xF80E, 0xF80E, 0xF80E, 0xF80E, 0xF80E, 0xF80E, 0xF80E, 0xF80E, 0xF80E, 0xF80E,
	0xF80E, 0xF80E, 0xF02E, 0xF80D, 0xF80C, 0xC931, 0x345A, 0x061F, 0x05DE, 0x0D5D, 0x057D, 0x057D,
	0x057D, 0x057D, 0x057D, 0x057D, 0x057D, 0x057D, 0x057D, 0x057D, 0x057D, 0x057D, 0x057D, 0x057D,
	0x057D, 0x057D, 0x057D, 0x057D, 0x057D, 0x057D, 0x057D, 0x057D, 0x057D, 0x057D, 0x057D, 0x057D,
	0x057D, 0x057D, 0x057D, 0x057D, 0x057D, 0x057D, 0x059D, 0x0D9D, 0x0D9D, 0x059D, 0x0D9D, 0x0D9D,
	0x0D9D, 0x0D9D, 0x059D, 0x0D9D, 0x0D9D, 0x059D, 0x057D, 0x057D, 0x057D, 0x057D, 0x057D, 0x057D,
	0x057D, 0x057D, 0x057D, 0x057D, 0x057D, 0x057D, 0x057D, 0x057D, 0x057D, 0x057D, 0x057D, 0x057D,
	0x057D, 0x057D, 0x057D, 0x057D, 0x057D, 0x057D, 0x057D, 0x057D, 0x057D, 0x057D, 0x057D, 0x057D,
	0x057D, 0x057D, 0x0D5D, 0x05DE, 0x061F, 0x345A, 0xC931, 0xF80C, 0xF80D, 0xF02E, 0xF80E, 0xF80E,
	0xF80E, 0xF80E, 0xF80E, 0xF80E, 0xF80E, 0xF80E, 0xF80E, 0xF80E, 0xF80E, 0xF80E, 0xF80E, 0xF80E,
	0xF80E, 0xF80E, 0xF80E, 0xF80E, 0xF80E, 0xF80E, 0xF80E, 0xF80E, 0xF80E, 0xF80E, 0xF80E, 0xF80E,
	0xF80E, 0xF80E, 0xF80E, 0xF80E, 0xF80E, 0xF80E, 0xF80E, 0xF80E, 0xF80E, 0xF80E, 0xF02E, 0xF80D,
	0xF80C, 0xC931, 0x345A, 0x061F, 0x05DE, 0x0D5D, 0x057D, 0x057D, 0x057D, 0x057D, 0x057D, 0x057D,
	0x057D, 0x057D, 0x057D, 0x057D, 0x057D, 0x057D, 0x057D, 0x057D, 0x057D, 0x057D, 0x057D, 0x057D,
	0x057D, 0x057D, 0x057D, 0x057D, 0x057D, 0x057D, 0x057D, 0x057D, 0x057D, 0x057D, 0x057D, 0x057D,
	0x057D, 0x057D, 0x057D, 0x057D, 0x057D, 0x057D, 0x057D, 0x057D, 0x057D, 0x057D, 0x057D, 0x057D,
	0x057D, 0x057D, 0x057D, 0x057D, 0x057D, 0x057D, 0x057D, 0x057D, 0x057D, 0x057D, 0x057D, 0x057D,
	0x057D, 0x057D, 0x057D, 0x057D, 0x057D, 0x057D, 0x057D, 0x057D, 0x057D, 0x057D, 0x057D, 0x057D,
	0x057D, 0x057D, 0x057D, 0x057D, 0x057D, 0x057D, 0x057D, 0x057D, 0x057D, 0x057D, 0x0D5D, 0x05DE,
	0x061F, 0x345A, 0xC931, 0xF80C, 0xF80D, 0xF02E, 0xF80E, 0xF80E, 0xF80E, 0xF80E, 0xF80E, 0xF80E,
	0xF80E, 0xF80E, 0xF80E, 0xF80E, 0xF80E, 0xF80E, 0xF80E, 0xF80E, 0xF80E, 0xF80E, 0xF80E, 0xF80E,
	0xF80E, 0xF80E, 0xF80E, 0xF80E, 0xF80E, 0xF80E, 0xF80E, 0xF80E, 0xF80E, 0xF80E, 0xF80E, 0xF80E,
	0xF80E, 0xF80E, 0xF80E, 0xF80E, 0xF80E, 0xF80E, 0xF02E, 0xF80D, 0xF80C, 0xC931, 0x345A, 0x061F,
	0x05DE, 0x0D5D, 0x057D, 0x057D, 0x057D, 0x057D, 0x057D, 0x057D, 0x057D, 0x057D, 0x057D, 0x057D,
	0x057D, 0x057D, 0x057D, 0x057D, 0x057D, 0x057D, 0x057D, 0x057D, 0x057D, 0x057D, 0x057D, 0x057D,
	0x057D, 0x057D, 0x057D, 0x057D, 0x057D, 0x057D, 0x057D, 0x057D, 0x057D, 0x057D, 0x057D, 0x057D,
	0x057D, 0x057D, 0x057D, 0x057D, 0x057D, 0x057D, 0x057D, 0x057D, 0x057D, 0x057D, 0x057D, 0x057D,
	0x057D, 0x057D, 0x057D, 0x057D, 0x057D, 0x057D, 0x057D, 0x057D, 0x057D, 0x057D, 0x057D, 0x057D,
	0x057D, 0x057D, 0x057D, 0x057D, 0x057D, 0x057D, 0x057D, 0x057D, 0x057D, 0x057D, 0x057D, 0x057D,
	0x057D, 0x057D, 0x057D, 0x057D, 0x057D, 0x057D, 0x0D5D, 0x05DE, 0x061F, 0x345A, 0xC931, 0xF80C,
	0xF80D, 0xF02E, 0xF80E, 0xF80E, 0xF80E, 0xF80E, 0xF80E, 0xF80E, 0xF80E, 0xF80E, 0xF80E, 0xF80E,
	0xF80E, 0xF80E, 0xF80E, 0xF80E, 0xF80E, 0xF80E, 0xF80E, 0xF80E, 0xF80E, 0xF80E, 0xF80E, 0xF80E,
	0xF80E, 0xF80E, 0xF80E, 0xF80E, 0xF80E, 0xF80E, 0xF80E, 0xF80E, 0xF80E, 0xF80E, 0xF80E, 0xF80E,
	0xF80E, 0xF80E, 0xF02E, 0xF80D, 0xF80C, 0xC931, 0x345A, 0x061F, 0x05DE, 0x0D5D, 0x057D, 0x057D,
	0x057D, 0x057D, 0x057D, 0x057D, 0x057D, 0x057D, 0x057D, 0x057D, 0x057D, 0x057D, 0x057D, 0x057D,
	0x057D, 0x057D, 0x057D, 0x057D, 0x057D, 0x057D, 0x057D, 0x057D, 0x057D, 0x057D, 0x057D, 0x057D,
	0x057D, 0x057D, 0x057D, 0x057D, 0x057D, 0x057D, 0x057D, 0x057D, 0x057D, 0x057D, 0x057D, 0x057D,
	0x057D, 0x057D, 0x057D, 0x057D, 0x057D, 0x057D, 0x057D, 0x057D, 0x057D, 0x057D, 0x057D, 0x057D,
	0x057D, 0x057D, 0x057D, 0x057D, 0x057D, 0x057D, 0x057D, 0x057D, 0x057D, 0x057D, 0x057D, 0x057D,
	0x057D, 0x057D, 0x057D, 0x057D, 0x057D, 0x057D, 0x057D, 0x057D, 0x057D, 0x057D, 0x057D, 0x057D,
	0x057D, 0x057D, 0x0D5D, 0x05DE, 0x061F, 0x345A, 0xC931, 0xF80C, 0xF80D, 0xF02E, 0xF80E, 0xF80E,
	0xF80E, 0xF80E, 0xF80E, 0xF80E, 0xF80E, 0xF80E, 0xF80E, 0xF80E, 0xF80E, 0xF80E, 0xF80E, 0xF80E,
	0xF80E, 0xF80E, 0xF80E, 0xF80E, 0xF80E, 0xF80E, 0xF80E, 0xF80E, 0xF80E, 0xF80E, 0xF80E, 0xF80E,
	0xF80E, 0xF80E, 0xF80E, 0xF80E, 0xF80E, 0xF80E, 0xF80E, 0xF80E, 0xF80E, 0xF80E, 0xF02E, 0xF80D,
	0xF80C, 0xC931, 0x345A, 0x061F, 0x05DE, 0x0D5D, 0x057D, 0x057D, 0x057D, 0x057D, 0x057D, 0x057D,
	0x057D, 0x057D, 0x057D, 0x057D, 0x057D, 0x057D, 0x057D, 0x057D, 0x057D, 0x057D, 0x057D, 0x057D,
	0x057D, 0x057D, 0x057D, 0x057D, 0x057D, 0x057D, 0x057D, 0x057D, 0x057D, 0x057D, 0x057D, 0x057D,
	0x057D, 0x057D, 0x057D, 0x057D, 0x057D, 0x057D, 0x057D, 0x057D, 0x057D, 0x057D, 0x057D, 0x057D,
	0x057D, 0x057D, 0x057D, 0x057D, 0x057D, 0x057D, 0x057D, 0x057D, 0x057D, 0x057D, 0x057D, 0x057D,
	0x057D, 0x057D, 0x057D, 0x057D, 0x057D, 0x057D, 0x057D, 0x057D, 0x057D, 0x057D, 0x057D, 0x057D,
	0x057D, 0x057D, 0x057D, 0x057D, 0x057D, 0x057D, 0x057D, 0x057D, 0x057D, 0x057D, 0x0D5D, 0x05DE,
	0x061F, 0x345A, 0xC931, 0xF80C, 0xF80D, 0xF02E, 0xF80E, 0xF80E, 0xF80E, 0xF80E, 0xF80E, 0xF80E,
	0xF80E, 0xF80E, 0xF80E, 0xF80E, 0xF80E, 0xF80E, 0xF80E, 0xF80E, 0xF80E, 0xF80E, 0xF80E, 0xF80E,
	0xF80E, 0xF80E, 0xF80E, 0xF80E, 0xF80E, 0xF80E, 0xF80E, 0xF80E, 0xF80E, 0xF80E, 0xF80E, 0xF80E,
	0xF80E, 0xF80E, 0xF80E, 0xF80E, 0xF80E, 0xF80E, 0xF02E, 0xF80D, 0xF80C, 0xC931, 0x345A, 0x061F,
	0x05DE, 0x0D5D, 0x057D, 0x057D, 0x057D, 0x057D, 0x057D, 0x057D, 0x057D, 0x057D, 0x057D, 0x057D,
	0x057D, 0x057D, 0x057D, 0x057D, 0x057D, 0x057D, 0x057D, 0x057D, 0x057D, 0x057D, 0x057D, 0x057D,
	0x057D, 0x057D, 0x057D, 0x057D, 0x057D, 0x057D, 0x057D, 0x057D, 0x057D, 0x057D, 0x057D, 0x057D,
	0x057D, 0x057D, 0x057D, 0x057D, 0x057D, 0x057D, 0x057D, 0x057D, 0x057D, 0x057D, 0x057D, 0x057D,
	0x057D, 0x057D, 0x057D, 0x057D, 0x057D, 0x057D, 0x057D, 0x057D, 0x057D, 0x057D, 0x057D, 0x057D,
	0x057D, 0x057D, 0x057D, 0x057D, 0x057D, 0x057D, 0x057D, 0x057D, 0x057D, 0x057D, 0x057D, 0x057D,
	0x057D, 0x057D, 0x057D, 0x057D, 0x057D, 0x057D, 0x0D5D, 0x05DE, 0x061F, 0x345A, 0xC931, 0xF80C,
	0xF80D, 0xF02E, 0xF80E, 0xF80E, 0xF80E, 0xF80E, 0xF80E, 0xF80E, 0xF80E, 0xF80E, 0xF80E, 0xF80E,
	0xF80E, 0xF80E, 0xF80E, 0xF80E, 0xF80E, 0xF80E, 0xF80E, 0xF80E, 0xF80E, 0xF80E, 0xF80E, 0xF80E,
	0xF80E, 0xF80E, 0xF80E, 0xF80E, 0xF80E, 0xF80E, 0xF80E, 0xF80E, 0xF80E, 0xF80E, 0xF80E, 0xF80E,
	0xF80E, 0xF80E, 0xF02E, 0xF80D, 0xF80C, 0xC931, 0x345A, 0x061F, 0x05DE, 0x0D5D, 0x057D, 0x057D,
	0x057D, 0x057D, 0x057D, 0x057D, 0x057D, 0x057D, 0x057D, 0x057D, 0x057D, 0x057D, 0x057D, 0x057D,
	0x057D, 0x057D, 0x057D, 0x057D, 0x057D, 0x057D, 0x057D, 0x057D, 0x057D, 0x057D, 0x057D, 0x057D,
	0x057D, 0x057D, 0x057D, 0x057D, 0x057D, 0x057D, 0x057D, 0x057D, 0x057D, 0x057D, 0x057D, 0x057D,
	0x057D, 0x057D, 0x057D, 0x057D, 0x057D, 0x057D, 0x057D, 0x057D, 0x057D, 0x057D, 0x057D, 0x057D,
	0x057D, 0x057D, 0x057D, 0x057D, 0x057D, 0x057D, 0x057D, 0x057D, 0x057D, 0x057D, 0x057D, 0x057D,
	0x057D, 0x057D, 0x057D, 0x057D, 0x057D, 0x057D, 0x057D, 0x057D, 0x057D, 0x057D, 0x057D, 0x057D,
	0x057D, 0x057D, 0x0D5D, 0x05DE, 0x061F, 0x345A, 0xC931, 0xF80C, 0xF80D, 0xF02E, 0xF80E, 0xF80E,
	0xF80E, 0xF80E, 0xF80E, 0xF80E, 0xF80E, 0xF80E, 0xF80E, 0xF80E, 0xF80E, 0xF80E, 0xF80E, 0xF80E,
	0xF80E, 0xF80E, 0xF80E, 0xF80E, 0xF80E, 0xF80E, 0xF80E, 0xF80E, 0xF80E, 0xF80E, 0xF80E, 0xF80E,
	0xF80E, 0xF80E, 0xF80E, 0xF80E, 0xF80E, 0xF80E, 0xF80E, 0xF80E, 0xF80E, 0xF80E, 0xF02E, 0xF80D,
	0xF80C, 0xC931, 0x345A, 0x061F, 0x05DE, 0x0D5D, 0x057D, 0x057D, 0x057D, 0x057D, 0x057D, 0x057D,
	0x057D, 0x057D, 0x057D, 0x057D, 0x057D, 0x057D, 0x057D, 0x057D, 0x057D, 0x057D, 0x057D, 0x057D,
	0x057D, 0x057D, 0x057D, 0x057D, 0x057D, 0x057D, 0x057D, 0x057D, 0x057D, 0x057D, 0x057D, 0x057D,
	0x057D, 0x057D, 0x057D, 0x057D, 0x057D, 0x057D, 0x057D, 0x057D, 0x057D, 0x057D, 0x057D, 0x057D,
	0x057D, 0x057D, 0x057D, 0x057D, 0x057D, 0x057D, 0x057D, 0x057D, 0x057D, 0x057D, 0x057D, 0x057D,
	0x057D, 0x057D, 0x057D, 0x057D, 0x057D, 0x057D, 0x057D, 0x057D, 0x057D, 0x057D, 0x057D, 0x057D,
	0x057D, 0x057D, 0x057D, 0x057D, 0x057D, 0x057D, 0x057D, 0x057D, 0x057D, 0x057D, 0x0D5D, 0x05DE,
	0x061F, 0x345A, 0xC931, 0xF80C, 0xF80D, 0xF02E, 0xF80E, 0xF80E, 0xF80E, 0xF80E, 0xF80E, 0xF80E,
	0xF80E, 0xF80E, 0xF80E, 0xF80E, 0xF80E, 0xF80E, 0xF80E, 0xF80E, 0xF80E, 0xF80E, 0xF80E, 0xF80E,
	0xF80E, 0xF80E, 0xF80E, 0xF80E, 0xF80E, 0xF80E, 0xF80E, 0xF80E, 0xF80E, 0xF80E, 0xF80E, 0xF80E,
	0xF80E, 0xF80E, 0xF80E, 0xF80E, 0xF80E, 0xF80E, 0xF02E, 0xF80D, 0xF80C, 0xC931, 0x345A, 0x061F,
	0x05DE, 0x0D5D, 0x057D, 0x057D, 0x057D, 0x057D, 0x057D, 0x057D, 0x057D, 0x057D, 0x057D, 0x057D,
	0x057D, 0x057D, 0x057D, 0x057D, 0x057D, 0x057D, 0x057D, 0x057D, 0x057D, 0x057D, 0x057D, 0x057D,
	0x057D, 0x057D, 0x057D, 0x057D, 0x057D, 0x057D, 0x057D, 0x057D, 0x057D, 0x057D, 0x057D, 0x057D,
	0x057D, 0x057D, 0x057D, 0x057D, 0x057D, 0x057D, 0x057D, 0x057D, 0x057D, 0x057D, 0x057D, 0x057D,
	0x057D, 0x057D, 0x057D, 0x057D, 0x057D, 0x057D, 0x057D, 0x057D, 0x057D, 0x057D, 0x057D, 0x057D,
	0x057D, 0x057D, 0x057D, 0x057D, 0x057D, 0x057D, 0x057D, 0x057D, 0x057D, 0x057D, 0x057D, 0x057D,
	0x057D, 0x057D, 0x057D, 0x057D, 0x057D, 0x057D, 0x0D5D, 0x05DE, 0x061F, 0x345A, 0xC931, 0xF80C,
	0xF80D, 0xF02E, 0xF80E, 0xF80E, 0xF80E, 0xF80E, 0xF80E, 0xF80E, 0xF80E, 0xF80E, 0xF80E, 0xF80E,
	0xF80E, 0xF80E, 0xF80E, 0xF80E, 0xF80E, 0xF80E, 0xF80E, 0xF80E, 0xF80E, 0xF80E, 0xF80E, 0xF80E,
	0xF80E, 0xF80E, 0xF80E, 0xF80E, 0xF80E, 0xF80E, 0xF80E, 0xF80E, 0xF80E, 0xF80E, 0xF80E, 0xF80E,
	0xF80E, 0xF80E, 0xF02E, 0xF80D, 0xF80C, 0xC931, 0x345A, 0x061F, 0x05DE, 0x0D5D, 0x057D, 0x057D,
	0x057D, 0x057D, 0x057D, 0x057D, 0x057D, 0x057D, 0x057D, 0x057D, 0x057D, 0x057D, 0x057D, 0x057D,
	0x057D, 0x057D, 0x057D, 0x057D, 0x057D, 0x057D, 0x057D, 0x057D, 0x057D, 0x057D, 0x057D, 0x057D,
	0x057D, 0x057D, 0x057D, 0x057D, 0x057D, 0x057D, 0x057D, 0x057D, 0x057D, 0x057D, 0x057D, 0x057D,
	0x057D, 0x057D, 0x057D, 0x057D, 0x057D, 0x057D, 0x057D, 0x057D, 0x057D, 0x057D, 0x057D, 0x057D,
	0x057D, 0x057D, 0x057D, 0x057D, 0x057D, 0x057D, 0x057D, 0x057D, 0x057D, 0x057D, 0x057D, 0x057D,
	0x057D, 0x057D, 0x057D, 0x057D, 0x057D, 0x057D, 0x057D, 0x057D, 0x057D, 0x057D, 0x057D, 0x057D,
	0x057D, 0x057D, 0x0D5D, 0x05DE, 0x061F, 0x345A, 0xC931, 0xF80C, 0xF80D, 0xF02E, 0xF80E, 0xF80E,
	0xF80E, 0xF80E, 0xF80E, 0xF80E, 0xF80E, 0xF80E, 0xF80E, 0xF80E, 0xF80E, 0xF80E, 0xF80E, 0xF80E,
	0xF80E, 0xF80E, 0xF80E, 0xF80E, 0xF80E, 0xF80E, 0xF80E, 0xF80E, 0xF80E, 0xF80E, 0xF80E, 0xF80E,
	0xF80E, 0xF80E, 0xF80E, 0xF80E, 0xF80E, 0xF80E, 0xF80E, 0xF80E, 0xF80E, 0xF80E, 0xF02E, 0xF80D,
	0xF80C, 0xC931, 0x345A, 0x061F, 0x05DE, 0x0D5D, 0x057D, 0x057D, 0x057D, 0x057D, 0x057D, 0x057D,
	0x057D, 0x057D, 0x057D, 0x057D, 0x057D, 0x057D, 0x057D, 0x057D, 0x057D, 0x057D, 0x057D, 0x057D,
	0x057D, 0x057D, 0x057D, 0x057D, 0x057D, 0x057D, 0x057D, 0x057D, 0x057D, 0x057D, 0x057D, 0x057D,
	0x057D, 0x057D, 0x057D, 0x057D, 0x057D, 0x057D, 0x057D, 0x057D, 0x057D, 0x057D, 0x057D, 0x057D,
	0x057D, 0x057D, 0x057D, 0x057D, 0x057D, 0x057D, 0x057D, 0x057D, 0x057D, 0x057D, 0x057D, 0x057D,
	0x057D, 0x057D, 0x057D, 0x057D, 0x057D, 0x057D, 0x057D, 0x057D, 0x057D, 0x057D, 0x057D, 0x057D,
	0x057D, 0x057D, 0x057D, 0x057D, 0x057D, 0x057D, 0x057D, 0x057D, 0x057D, 0x057D, 0x0D5D, 0x05DE,
	0x061F, 0x345A, 0xC931, 0xF80C, 0xF80D, 0xF02E, 0xF80E, 0xF80E, 0xF80E, 0xF80E, 0xF80E, 0xF80E,
	0xF80E, 0xF80E, 0xF80E, 0xF80E, 0xF80E, 0xF80E, 0xF80E, 0xF80E, 0xF80E, 0xF80E, 0xF80E, 0xF80E,
	0xF80E, 0xF80E, 0xF80E, 0xF80E, 0xF80E, 0xF80E, 0xF80E, 0xF80E, 0xF80E, 0xF80E, 0xF80E, 0xF80E,
	0xF80E, 0xF80E, 0xF80E, 0xF80E, 0xF80E, 0xF80E, 0xF02E, 0xF80D, 0xF80C, 0xC931, 0x345A, 0x061F,
	0x05DE, 0x0D5D, 0x057D, 0x057D, 0x057D, 0x057D, 0x057D, 0x057D, 0x057D, 0x057D, 0x057D, 0x057D,
	0x057D, 0x057D, 0x057D, 0x057D, 0x057D, 0x057D, 0x057D, 0x057D, 0x057D, 0x057D, 0x057D, 0x057D,
	0x057D, 0x057D, 0x057D, 0x057D, 0x057D, 0x057D, 0x057D, 0x057D, 0x057D, 0x057D, 0x057D, 0x057D,
	0x057D, 0x057D, 0x057D, 0x057D, 0x057D, 0x057D, 0x057D, 0x057D, 0x057D, 0x057D, 0x057D, 0x057D,
	0x057D, 0x057D, 0x057D, 0x057D, 0x057D, 0x057D, 0x057D, 0x057D, 0x057D, 0x057D, 0x057D, 0x057D,
	0x057D, 0x057D, 0x057D, 0x057D, 0x057D, 0x057D, 0x057D, 0x057D, 0x057D, 0x057D, 0x057D, 0x057D,
	0x057D, 0x057D, 0x057D, 0x057D, 0x057D, 0x057D, 0x0D5D, 0x05DE, 0x061F, 0x345A, 0xC931, 0xF80C,
	0xF80D, 0xF02E, 0xF80E, 0xF80E, 0xF80E, 0xF80E, 0xF80E, 0xF80E, 0xF80E, 0xF80E, 0xF80E, 0xF80E,
	0xF80E, 0xF80E, 0xF80E, 0xF80E, 0xF80E, 0xF80E, 0xF80E, 0xF80E, 0xF80E, 0xF80E, 0xF80E, 0xF80E,
	0xF80E, 0xF80E, 0xF80E, 0xF80E, 0xF80E, 0xF80E, 0xF80E, 0xF80E, 0xF80E, 0xF80E, 0xF80E, 0xF80E,
	0xF80E, 0xF80E, 0xF02E, 0xF80D, 0xF80C, 0xC931, 0x345A, 0x061F, 0x05DE, 0x0D5D, 0x057D, 0x057D,
	0x057D, 0x057D, 0x057D, 0x057D, 0x057D, 0x057D, 0x057D, 0x057D, 0x057D, 0x057D, 0x057D, 0x057D,
	0x057D, 0x057D, 0x057D, 0x057D, 0x057D, 0x057D, 0x057D, 0x057D, 0x057D, 0x057D, 0x057D, 0x057D,
	0x057D, 0x057D, 0x057D, 0x057D, 0x057D, 0x057D, 0x057D, 0x057D, 0x057D, 0x057D, 0x057D, 0x057D,
	0x057D, 0x057D, 0x057D, 0x057D, 0x057D, 0x057D, 0x057D, 0x057D, 0x057D, 0x057D, 0x057D, 0x057D,
	0x057D, 0x057D, 0x057D, 0x057D, 0x057D, 0x057D, 0x057D, 0x057D, 0x057D, 0x057D, 0x057D, 0x057D,
	0x057D, 0x057D, 0x057D, 0x057D, 0x057D, 0x057D, 0x057D, 0x057D, 0x057D, 0x057D, 0x057D, 0x057D,
	0x057D, 0x057D, 0x0D5D, 0x05DE, 0x061F, 0x345A, 0xC931, 0xF80C, 0xF80D, 0xF02E, 0xF80E, 0xF80E,
	0xF80E, 0xF80E, 0xF80E, 0xF80E, 0xF80E, 0xF80E, 0xF80E, 0xF80E, 0xF80E, 0xF80E, 0xF80E, 0xF80E,
	0xF80E, 0xF80E, 0xF80E, 0xF80E, 0xF80E, 0xF80E, 0xF80E, 0xF80E, 0xF80E, 0xF80E, 0xF80E, 0xF80E,
	0xF80E, 0xF80E, 0xF80E, 0xF80E, 0xF80E, 0xF80E, 0xF80E, 0xF80E, 0xF80E, 0xF80E, 0xF02E, 0xF80D,
	0xF80C, 0xC931, 0x345A, 0x061F, 0x05DE, 0x0D5D, 0x057D, 0x057D, 0x057D, 0x057D, 0x057D, 0x057D,
	0x057D, 0x057D, 0x057D, 0x057D, 0x057D, 0x057D, 0x057D, 0x057D, 0x057D, 0x057D, 0x057D, 0x057D,
	0x057D, 0x057D, 0x057D, 0x057D, 0x057D, 0x057D, 0x057D, 0x057D, 0x057D, 0x057D, 0x057D, 0x057D,
	0x057D, 0x057D, 0x057D, 0x057D, 0x057D, 0x057D, 0x057D, 0x057D, 0x057D, 0x057D, 0x057D, 0x057D,
	0x057D, 0x057D, 0x057D, 0x057D, 0x057D, 0x057D, 0x057D, 0x057D, 0x057D, 0x057D, 0x057D, 0x057D,
	0x057D, 0x057D, 0x057D, 0x057D, 0x057D, 0x057D, 0x057D, 0x057D, 0x057D, 0x057D, 0x057D, 0x057D,
	0x057D, 0x057D, 0x057D, 0x057D, 0x057D, 0x057D, 0x057D, 0x057D, 0x057D, 0x057D, 0x0D5D, 0x05DE,
	0x061F, 0x345A, 0xC931, 0xF80C, 0xF80D, 0xF02E, 0xF80E, 0xF80E, 0xF80E, 0xF80E, 0xF80E, 0xF80E,
	0xF80E, 0xF80E, 0xF80E, 0xF80E, 0xF80E, 0xF80E, 0xF80E, 0xF80E, 0xF80E, 0xF80E, 0xF80E, 0xF80E,
	0xF80E, 0xF80E, 0xF80E, 0xF80E, 0xF80E, 0xF80E, 0xF80E, 0xF80E, 0xF80E, 0xF80E, 0xF80E, 0xF80E,
	0xF80E, 0xF80E, 0xF80E, 0xF80E, 0xF80E, 0xF80E, 0xF02E, 0xF80D, 0xF80C, 0xC931, 0x345A, 0x061F,
	0x05DE, 0x0D5D, 0x057D, 0x057D, 0x057D, 0x057D, 0x057D, 0x057D, 0x057D, 0x057D, 0x057D, 0x057D,
	0x057D, 0x057D, 0x057D, 0x057D, 0x057D, 0x057D, 0x057D, 0x057D, 0x057D, 0x057D, 0x057D, 0x057D,
	0x057D, 0x057D, 0x057D, 0x057D, 0x057D, 0x057D, 0x057D, 0x057D, 0x057D, 0x057D, 0x057D, 0x057D,
	0x057D, 0x057D, 0x057D, 0x057D, 0x057D, 0x057D, 0x057D, 0x057D, 0x057D, 0x057D, 0x057D, 0x057D,
	0x057D, 0x057D, 0x057D, 0x057D, 0x057D, 0x057D, 0x057D, 0x057D, 0x057D, 0x057D, 0x057D, 0x057D,
	0x057D, 0x057D, 0x057D, 0x057D, 0x057D, 0x057D, 0x057D, 0x057D, 0x057D, 0x057D, 0x057D, 0x057D,
	0x057D, 0x057D, 0x057D, 0x057D, 0x057D, 0x057D, 0x0D5D, 0x05DE, 0x061F, 0x345A, 0xC931, 0xF80C,
	0xF80D, 0xF02E, 0xF80E, 0xF80E, 0xF80E, 0xF80E, 0xF80E, 0xF80E, 0xF80E, 0xF80E, 0xF80E, 0xF80E,
	0xF80E, 0xF80E, 0xF80E, 0xF80E, 0xF80E, 0xF80E, 0xF80E, 0xF80E, 0xF80E, 0xF80E, 0xF80E, 0xF80E,
	0xF80E, 0xF80E, 0xF80E, 0xF80E, 0xF80E, 0xF80E, 0xF80E, 0xF80E, 0xF80E, 0xF80E, 0xF80E, 0xF80E,
	0xF80E, 0xF80E, 0xF02E, 0xF80D, 0xF80C, 0xC931, 0x345A, 0x061F, 0x05DE, 0x0D5D, 0x057D, 0x057D,
	0x057D, 0x057D, 0x057D, 0x057D, 0x057D, 0x057D, 0x057D, 0x057D, 0x057D, 0x057D, 0x057D, 0x057D,
	0x057D, 0x057D, 0x057D, 0x057D, 0x057D, 0x057D, 0x057D, 0x057D, 0x057D, 0x057D, 0x057D, 0x057D,
	0x057D, 0x057D, 0x057D, 0x057D, 0x057D, 0x057D, 0x057D, 0x057D, 0x057D, 0x057D, 0x057D, 0x057D,
	0x057D, 0x057D, 0x057D, 0x057D, 0x057D, 0x057D, 0x057D, 0x057D, 0x057D, 0x057D, 0x057D, 0x057D,
	0x057D, 0x057D, 0x057D, 0x057D, 0x057D, 0x057D, 0x057D, 0x057D, 0x057D, 0x057D, 0x057D, 0x057D,
	0x057D, 0x057D, 0x057D, 0x057D, 0x057D, 0x057D, 0x057D, 0x057D, 0x057D, 0x057D, 0x057D, 0x057D,
	0x057D, 0x057D, 0x0D5D, 0x05DE, 0x061F, 0x345A, 0xC931, 0xF80C, 0xF80D, 0xF02E, 0xF80E, 0xF80E,
	0xF80E, 0xF80E, 0xF80E, 0xF80E, 0xF80E, 0xF80E, 0xF80E, 0xF80E, 0xF80E, 0xF80E, 0xF80E, 0xF80E,
	0xF80E, 0xF80E, 0xF80E, 0xF80E, 0xF80E, 0xF80E, 0xF80E, 0xF80E, 0xF80E, 0xF80E, 0xF80E, 0xF80E,
	0xF80E, 0xF80E, 0xF80E, 0xF80E, 0xF80E, 0xF80E, 0xF80E, 0xF80E, 0xF80E, 0xF80E, 0xF02E, 0xF80D,
	0xF80C, 0xC931, 0x345A, 0x061F, 0x05DE, 0x0D5D, 0x057D, 0x057D, 0x057D, 0x057D, 0x057D, 0x057D,
	0x057D, 0x057D, 0x057D, 0x057D, 0x057D, 0x057D, 0x057D, 0x057D, 0x057D, 0x057D, 0x057D, 0x057D,
	0x057D, 0x057D, 0x057D, 0x057D, 0x057D, 0x057D, 0x057D, 0x057D, 0x057D, 0x057D, 0x057D, 0x057D,
	0x057D, 0x057D, 0x057D, 0x057D, 0x057D, 0x057D, 0x057D, 0x057D, 0x057D, 0x057D, 0x057D, 0x057D,
	0x057D, 0x057D, 0x057D, 0x057D, 0x057D, 0x057D, 0x057D, 0x057D, 0x057D, 0x057D, 0x057D, 0x057D,
	0x057D, 0x057D, 0x057D, 0x057D, 0x057D, 0x057D, 0x057D, 0x057D, 0x057D, 0x057D, 0x057D, 0x057D,
	0x057D, 0x057D, 0x057D, 0x057D, 0x057D, 0x057D, 0x057D, 0x057D, 0x057D, 0x057D, 0x0D5D, 0x05DE,
	0x061F, 0x345A, 0xC931, 0xF80C, 0xF80D, 0xF02E, 0xF80E, 0xF80E, 0xF80E, 0xF80E, 0xF80E, 0xF80E,
	0xF80E, 0xF80E, 0xF80E, 0xF80E, 0xF80E, 0xF80E, 0xF80E, 0xF80E, 0xF80E, 0xF80E, 0xF80E, 0xF80E,
	0xF80E, 0xF80E, 0xF80E, 0xF80E, 0xF80E, 0xF80E, 0xF80E, 0xF80E, 0xF80E, 0xF80E, 0xF80E, 0xF80E,
	0xF80E, 0xF80E, 0xF80E, 0xF80E, 0xF80E, 0xF80E, 0xF02E, 0xF80D, 0xF80C, 0xC931, 0x345A, 0x061F,
	0x05DE, 0x0D5D, 0x057D, 0x057D, 0x057D, 0x057D, 0x057D, 0x057D, 0x057D, 0x057D, 0x057D, 0x057D,
	0x057D, 0x057D, 0x057D, 0x057D, 0x057D, 0x057D, 0x057D, 0x057D, 0x057D, 0x057D, 0x057D, 0x057D,
	0x057D, 0x057D, 0x057D, 0x057D, 0x057D, 0x057D, 0x057D, 0x057D, 0x057D, 0x057D, 0x057D, 0x057D,
	0x057D, 0x057D, 0x057D, 0x057D, 0x057D, 0x057D, 0x057D, 0x057D, 0x057D, 0x057D, 0x057D, 0x057D,
	0x057D, 0x057D, 0x057D, 0x057D, 0x057D, 0x057D, 0x057D, 0x057D, 0x057D, 0x057D, 0x057D, 0x057D,
	0x057D, 0x057D, 0x057D, 0x057D, 0x057D, 0x057D, 0x057D, 0x057D, 0x057D, 0x057D, 0x057D, 0x057D,
	0x057D, 0x057D, 0x057D, 0x057D, 0x057D, 0x057D, 0x0D5D, 0x05DE, 0x061F, 0x345A, 0xC931, 0xF80C,
	0xF80D, 0xF02E, 0xF80E, 0xF80E, 0xF80E, 0xF80E, 0xF80E, 0xF80E, 0xF80E, 0xF80E, 0xF80E, 0xF80E,
	0xF80E, 0xF80E, 0xF80E, 0xF80E, 0xF80E, 0xF80E, 0xF80E, 0xF80E, 0xF80E, 0xF80E, 0xF80E, 0xF80E,
	0xF80E, 0xF80E, 0xF80E, 0xF80E, 0xF80E, 0xF80E, 0xF80E, 0xF80E, 0xF80E, 0xF80E, 0xF80E, 0xF80E,
	0xF80E, 0xF80E, 0xF02E, 0xF80D, 0xF80C, 0xC931, 0x345A, 0x061F, 0x05DE, 0x0D5D, 0x057D, 0x057D,
	0x057D, 0x057D, 0x057D, 0x057D, 0x057D, 0x057D, 0x057D, 0x057D, 0x057D, 0x057D, 0x057D, 0x057D,
	0x057D, 0x057D, 0x057D, 0x057D, 0x057D, 0x057D, 0x057D, 0x057D, 0x057D, 0x057D, 0x057D, 0x057D,
	0x057D, 0x057D, 0x057D, 0x057D, 0x057D, 0x057D, 0x057D, 0x057D, 0x057D, 0x057D, 0x057D, 0x057D,
	0x057D, 0x057D, 0x057D, 0x057D, 0x057D, 0x057D, 0x057D, 0x057D, 0x057D, 0x057D, 0x057D, 0x057D,
	0x057D, 0x057D, 0x057D, 0x057D, 0x057D, 0x057D, 0x057D, 0x057D, 0x057D, 0x057D, 0x057D, 0x057D,
	0x057D, 0x057D, 0x057D, 0x057D, 0x057D, 0x057D, 0x057D, 0x057D, 0x057D, 0x057D, 0x057D, 0x057D,
	0x057D, 0x057D, 0x0D5D, 0x05DE, 0x061F, 0x345A, 0xC931, 0xF80C, 0xF80D, 0xF02E, 0xF80E, 0xF80E,
	0xF80E, 0xF80E, 0xF80E, 0xF80E, 0xF80E, 0xF80E, 0xF80E, 0xF80E, 0xF80E, 0xF80E, 0xF80E, 0xF80E,
	0xF80E, 0xF80E, 0xF80E, 0xF80E, 0xF80E, 0xF80E, 0xF80E, 0xF80E, 0xF80E, 0xF80E, 0xF80E, 0xF80E,
	0xF80E, 0xF80E, 0xF80E, 0xF80E, 0xF80E, 0xF80E, 0xF80E, 0xF80E, 0xF80E, 0xF80E, 0xF02E, 0xF80D,
	0xF80C, 0xC931, 0x345A, 0x061F, 0x05DE, 0x0D5D, 0x057D, 0x057D, 0x057D, 0x057D, 0x057D, 0x057D,
	0x057D, 0x057D, 0x057D, 0x057D, 0x057D, 0x057D, 0x057D, 0x057D, 0x057D, 0x057D, 0x057D, 0x057D,
	0x057D, 0x057D, 0x057D, 0x057D, 0x057D, 0x057D, 0x057D, 0x057D, 0x057D, 0x057D, 0x057D, 0x057D,
	0x057D, 0x057D, 0x057D, 0x057D, 0x057D, 0x057D, 0x057D, 0x057D, 0x057D, 0x057D, 0x057D, 0x057D,
	0x057D, 0x057D, 0x057D, 0x057D, 0x057D, 0x057D, 0x057D, 0x057D, 0x057D, 0x057D, 0x057D, 0x057D,
	0x057D, 0x057D, 0x057D, 0x057D, 0x057D, 0x057D, 0x057D, 0x057D, 0x057D, 0x057D, 0x057D, 0x057D,
	0x057D, 0x057D, 0x057D, 0x057D, 0x057D, 0x057D, 0x057D, 0x057D, 0x057D, 0x057D, 0x0D5D, 0x05DE,
	0x061F, 0x345A, 0xC931, 0xF80C, 0xF80D, 0xF02E, 0xF80E, 0xF80E, 0xF80E, 0xF80E, 0xF80E, 0xF80E,
	0xF80E, 0xF80E, 0xF80E, 0xF80E, 0xF80E, 0xF80E, 0xF80E, 0xF80E, 0xF80E, 0xF80E, 0xF80E, 0xF80E,
	0xF80E, 0xF80E, 0xF80E, 0xF80E, 0xF80E, 0xF80E, 0xF80E, 0xF80E, 0xF80E, 0xF80E, 0xF80E, 0xF80E,
	0xF80E, 0xF80E, 0xF80E, 0xF80E, 0xF80E, 0xF80E, 0xF02E, 0xF80D, 0xF80C, 0xC931, 0x345A, 0x061F,
	0x05DE, 0x0D5D, 0x057D, 0x057D, 0x057D, 0x057D, 0x057D, 0x057D, 0x057D, 0x057D, 0x057D, 0x057D,
	0x057D, 0x057D, 0x057D, 0x057D, 0x057D, 0x057D, 0x057D, 0x057D, 0x057D, 0x057D, 0x057D, 0x057D,
	0x057D, 0x057D, 0x057D, 0x057D, 0x057D, 0x057D, 0x057D, 0x057D, 0x057D, 0x057D, 0x057D, 0x057D,
	0x057D, 0x057D, 0x057D, 0x057D, 0x057D, 0x057D, 0x057D, 0x057D, 0x057D, 0x057D, 0x057D, 0x057D,
	0x057D, 0x057D, 0x057D, 0x057D, 0x057D, 0x057D, 0x057D, 0x057D, 0x057D, 0x057D, 0x057D, 0x057D,
	0x057D, 0x057D, 0x057D, 0x057D, 0x057D, 0x057D, 0x057D, 0x057D, 0x057D, 0x057D, 0x057D, 0x057D,
	0x057D, 0x057D, 0x057D, 0x057D, 0x057D, 0x057D, 0x0D5D, 0x05DE, 0x061F, 0x345A, 0xC931, 0xF80C,
	0xF80D, 0xF02E, 0xF80E, 0xF80E, 0xF80E, 0xF80E, 0xF80E, 0xF80E, 0xF80E, 0xF80E, 0xF80E, 0xF80E,
	0xF80E, 0xF80E, 0xF80E, 0xF80E, 0xF80E, 0xF80E, 0xF80E, 0xF80E, 0xF80E, 0xF80E, 0xF80E, 0xF80E,
	0xF80E, 0xF80E, 0xF80E, 0xF80E, 0xF80E, 0xF80E, 0xF80E, 0xF80E, 0xF80E, 0xF80E, 0xF80E, 0xF80E,
	0xF80E, 0xF80E, 0xF02E, 0xF80D, 0xF80C, 0xC931, 0x3C5A, 0x0E1F, 0x0DDE, 0x0D5C, 0x0D7D, 0x0D9D,
	0x0D9D, 0x0D9D, 0x0D9D, 0x0D9D, 0x0D9D, 0x0D9D, 0x0D9D, 0x0D9D, 0x0D9D, 0x0D9D, 0x0D9D, 0x0D9D,
	0x0D9D, 0x0D9D, 0x0D9D, 0x0D9D, 0x0D9D, 0x0D9D, 0x0D9D, 0x0D9D, 0x0D9D, 0x0D9D, 0x0D9D, 0x0D9D,
	0x0D9D, 0x0D9D, 0x0D9D, 0x0D9D, 0x0D9D, 0x0D9D, 0x0D9D, 0x0D9D, 0x0D9D, 0x0D9D, 0x0D9D, 0x0D9D,
	0x0D9D, 0x0D9D, 0x0D9D, 0x0D9D, 0x0D9D, 0x0D9D, 0x0D9D, 0x0D9D, 0x0D9D, 0x0D9D, 0x0D9D, 0x0D9D,
	0x0D9D, 0x0D9D, 0x0D9D, 0x0D9D, 0x0D9D, 0x0D9D, 0x0D9D, 0x0D9D, 0x0D9D, 0x0D9D, 0x0D9D, 0x0D9D,
	0x0D9D, 0x0D9D, 0x0D9D, 0x0D9D, 0x0D9D, 0x0D9D, 0x0D9D, 0x0D9D, 0x0D9D, 0x0D9D, 0x0D9D, 0x0D9D,
	0x0D9D, 0x0D7D, 0x0D5C, 0x0DDE, 0x0E1F, 0x3C5A, 0xC931, 0xF80C, 0xF80D, 0xF02E, 0xF80E, 0xF80E,
	0xF80E, 0xF80E, 0xF80E, 0xF80E, 0xF80E, 0xF80E, 0xF80E, 0xF80E, 0xF80E, 0xF80E, 0xF80E, 0xF80E,
	0xF80E, 0xF80E, 0xF80E, 0xF80E, 0xF80E, 0xF80E, 0xF80E, 0xF80E, 0xF80E, 0xF80E, 0xF80E, 0xF80E,
	0xF80E, 0xF80E, 0xF80E, 0xF80E, 0xF80E, 0xF80E, 0xF80E, 0xF80E, 0xF80E, 0xF80E, 0xF02E, 0xF80D,
	0xF80C, 0xC131, 0x2C3B, 0x05FF, 0x05BF, 0x053E, 0x055E, 0x055E, 0x055E, 0x055E, 0x055E, 0x055E,
	0x055E, 0x055E, 0x055E, 0x055E, 0x055E, 0x055E, 0x055E, 0x055E, 0x055E, 0x055E, 0x055E, 0x055E,
	0x055E, 0x055E, 0x055E, 0x055E, 0x055E, 0x055E, 0x055E, 0x055E, 0x055E, 0x055E, 0x055E, 0x055E,
	0x055E, 0x055E, 0x055E, 0x055E, 0x055E, 0x055E, 0x055E, 0x055E, 0x055E, 0x055E, 0x055E, 0x055E,
	0x055E, 0x055E, 0x055E, 0x055E, 0x055E, 0x055E, 0x055E, 0x055E, 0x055E, 0x055E, 0x055E, 0x055E,
	0x055E, 0x055E, 0x055E, 0x055E, 0x055E, 0x055E, 0x055E, 0x055E, 0x055E, 0x055E, 0x055E, 0x055E,
	0x055E, 0x055E, 0x055E, 0x055E, 0x055E, 0x055E, 0x055E, 0x055E, 0x055E, 0x055E, 0x053E, 0x05BF,
	0x05FF, 0x2C3B, 0xC131, 0xF80C, 0xF80D, 0xF02E, 0xF80E, 0xF80E, 0xF80E, 0xF80E, 0xF80E, 0xF80E,
	0xF80E, 0xF80E, 0xF80E, 0xF80E, 0xF80E, 0xF80E, 0xF80E, 0xF80E, 0xF80E, 0xF80E, 0xF80E, 0xF80E,
	0xF80E, 0xF80E, 0xF80E, 0xF80E, 0xF80E, 0xF80E, 0xF80E, 0xF80E, 0xF80E, 0xF80E, 0xF80E, 0xF80E,
	0xF80E, 0xF80E, 0xF80E, 0xF80E, 0xF80E, 0xF80E, 0xF02E, 0xF80D, 0xF80C, 0xC112, 0x241C, 0x05DF,
	0x059F, 0x051F, 0x053F, 0x053F, 0x053F, 0x053F, 0x053F, 0x053F, 0x053F, 0x053F, 0x053F, 0x053F,
	0x053F, 0x053F, 0x053F, 0x053F, 0x053F, 0x053F, 0x053F, 0x053F, 0x053F, 0x053F, 0x053F, 0x053F,
	0x053F, 0x053F, 0x053F, 0x053F, 0x053F, 0x053F, 0x053F, 0x053F, 0x053F, 0x053F, 0x053F, 0x053F,
	0x053F, 0x053F, 0x053F, 0x053F, 0x053F, 0x053F, 0x053F, 0x053F, 0x053F, 0x053F, 0x053F, 0x053F,
	0x053F, 0x053F, 0x053F, 0x053F, 0x053F, 0x053F, 0x053F, 0x053F, 0x053F, 0x053F, 0x053F, 0x053F,
	0x053F, 0x053F, 0x053F, 0x053F, 0x053F, 0x053F, 0x053F, 0x053F, 0x053F, 0x053F, 0x053F, 0x053F,
	0x053F, 0x053F, 0x053F, 0x053F, 0x053F, 0x053F, 0x051F, 0x059F, 0x05DF, 0x241C, 0xC112, 0xF80C,
	0xF80D, 0xF02E, 0xF80E, 0xF80E, 0xF80E, 0xF80E, 0xF80E, 0xF80E, 0xF80E, 0xF80E, 0xF80E, 0xF80E,
	0xF80E, 0xF80E, 0xF80E, 0xF80E, 0xF80E, 0xF80E, 0xF80E, 0xF80E, 0xF80E, 0xF80E, 0xF80E, 0xF80E,
	0xF80E, 0xF80E, 0xF80E, 0xF80E, 0xF80E, 0xF80E, 0xF80E, 0xF80E, 0xF80E, 0xF80E, 0xF80E, 0xF80E,
	0xF80E, 0xF80E, 0xF82E, 0xF80D, 0xF80D, 0xD150, 0x64B7, 0x367B, 0x365B, 0x3DD9, 0x35FA, 0x35FA,
	0x35FA, 0x35FA, 0x35FA, 0x35FA, 0x35FA, 0x35FA, 0x35FA, 0x35FA, 0x35FA, 0x35FA, 0x35FA, 0x35FA,
	0x35FA, 0x35FA, 0x35FA, 0x35FA, 0x35FA, 0x35FA, 0x35FA, 0x35FA, 0x35FA, 0x35FA, 0x35FA, 0x35FA,
	0x35FA, 0x35FA, 0x35FA, 0x35FA, 0x35FA, 0x35FA, 0x35FA, 0x35FA, 0x35FA, 0x35FA, 0x35FA, 0x35FA,
	0x35FA, 0x35FA, 0x35FA, 0x35FA, 0x35FA, 0x35FA, 0x35FA, 0x35FA, 0x35FA, 0x35FA, 0x35FA, 0x35FA,
	0x35FA, 0x35FA, 0x35FA, 0x35FA, 0x35FA, 0x35FA, 0x35FA, 0x35FA, 0x35FA, 0x35FA, 0x35FA, 0x35FA,
	0x35FA, 0x35FA, 0x35FA, 0x35FA, 0x35FA, 0x35FA, 0x35FA, 0x35FA, 0x35FA, 0x35FA, 0x35FA, 0x35FA,
	0x35FA, 0x35FA, 0x3DD9, 0x365B, 0x367B, 0x64B7, 0xD150, 0xF80D, 0xF80D, 0xF82E, 0xF80E, 0xF80E,
	0xF80E, 0xF80E, 0xF80E, 0xF80E, 0xF80E, 0xF80E, 0xF80E, 0xF80E, 0xF80E, 0xF80E, 0xF80E, 0xF80E,
	0xF80E, 0xF80E, 0xF80E, 0xF80E, 0xF80E, 0xF80E, 0xF80E, 0xF80E, 0xF80E, 0xF80E, 0xF80E, 0xF80E,
	0xF80E, 0xF80E, 0xF80E, 0xF80E, 0xF80E, 0xF80E, 0xF80E, 0xF80E, 0xF80E, 0xF80E, 0xF82E, 0xF80E,
	0xF80E, 0xF18E, 0xD5B0, 0xCF90, 0xCF90, 0xCEF0, 0xCF30, 0xCF30, 0xCF30, 0xCF30, 0xCF30, 0xCF30,
	0xCF30, 0xCF30, 0xCF30, 0xCF30, 0xCF30, 0xCF30, 0xCF30, 0xCF30, 0xCF30, 0xCF30, 0xCF30, 0xCF30,
	0xCF30, 0xCF30, 0xCF30, 0xCF30, 0xCF30, 0xCF30, 0xCF30, 0xCF30, 0xCF30, 0xCF30, 0xCF30, 0xCF30,
	0xCF30, 0xCF30, 0xCF30, 0xCF30, 0xCF30, 0xCF30, 0xCF30, 0xCF30, 0xCF30, 0xCF30, 0xCF30, 0xCF30,
	0xCF30, 0xCF30, 0xCF30, 0xCF30, 0xCF30, 0xCF30, 0xCF30, 0xCF30, 0xCF30, 0xCF30, 0xCF30, 0xCF30,
	0xCF30, 0xCF30, 0xCF30, 0xCF30, 0xCF30, 0xCF30, 0xCF30, 0xCF30, 0xCF30, 0xCF30, 0xCF30, 0xCF30,
	0xCF30, 0xCF30, 0xCF30, 0xCF30, 0xCF30, 0xCF30, 0xCF30, 0xCF30, 0xCF30, 0xCF30, 0xCEF0, 0xCF90,
	0xCF90, 0xD5B0, 0xF18E, 0xF80E, 0xF80E, 0xF82E, 0xF80E, 0xF80E, 0xF80E, 0xF80E, 0xF80E, 0xF80E,
	0xF80E, 0xF80E, 0xF80E, 0xF80E, 0xF80E, 0xF80E, 0xF80E, 0xF80E, 0xF80E, 0xF80E, 0xF80E, 0xF80E,
	0xF80E, 0xF80E, 0xF80E, 0xF80E, 0xF80E, 0xF80E, 0xF80E, 0xF80E, 0xF80E, 0xF80E, 0xF80E, 0xF80E,
	0xF80E, 0xF80E, 0xF80E, 0xF80E, 0xF80E, 0xF80E, 0xF82E, 0xF80E, 0xF80E, 0xF9AD, 0xFE2B, 0xFFEB,
	0xFFEB, 0xFFAB, 0xFFCB, 0xFFEB, 0xFFEB, 0xFFEB, 0xFFEB, 0xFFEB, 0xFFEB, 0xFFEB, 0xFFEB, 0xFFEB,
	0xFFEB, 0xFFEB, 0xFFEB, 0xFFEB, 0xFFEB, 0xFFEB, 0xFFEB, 0xFFEB, 0xFFEB, 0xFFEB, 0xFFEB, 0xFFEB,
	0xFFEB, 0xFFEB, 0xFFEB, 0xFFEB, 0xFFEB, 0xFFEB, 0xFFEB, 0xFFEB, 0xFFEB, 0xFFEB, 0xFFEB, 0xFFEB,
	0xFFEB, 0xFFEB, 0xFFEB, 0xFFEB, 0xFFEB, 0xFFEB, 0xFFEB, 0xFFEB, 0xFFEB, 0xFFEB, 0xFFEB, 0xFFEB,
	0xFFEB, 0xFFEB, 0xFFEB, 0xFFEB, 0xFFEB, 0xFFEB, 0xFFEB, 0xFFEB, 0xFFEB, 0xFFEB, 0xFFEB, 0xFFEB,
	0xFFEB, 0xFFEB, 0xFFEB, 0xFFEB, 0xFFEB, 0xFFEB, 0xFFEB, 0xFFEB, 0xFFEB, 0xFFEB, 0xFFEB, 0xFFEB,
	0xFFEB, 0xFFEB, 0xFFEB, 0xFFEB, 0xFFEB, 0xFFCB, 0xFFAB, 0xFFEB, 0xFFEB, 0xFE2B, 0xF9AD, 0xF80E,
	0xF80E, 0xF82E, 0xF80E, 0xF80E, 0xF80E, 0xF80E, 0xF80E, 0xF80E, 0xF80E, 0xF80E, 0xF80E, 0xF80E,
	0xF80E, 0xF80E, 0xF80E, 0xF80E, 0xF80E, 0xF80E, 0xF80E, 0xF80E, 0xF80E, 0xF80E, 0xF80E, 0xF80E,
	0xF80E, 0xF80E, 0xF80E, 0xF80E, 0xF80E, 0xF80E, 0xF80E, 0xF80E, 0xF80E, 0xF80E, 0xF80E, 0xF80E,
	0xF80E, 0xF80E, 0xF82E, 0xF80E, 0xF80E, 0xF9AD, 0xFE2C, 0xFFEB, 0xFFEB, 0xFF8C, 0xFFAC, 0xFFCC,
	0xFFCC, 0xFFCC, 0xFFCC, 0xFFCC, 0xFFCC, 0xFFCC, 0xFFCC, 0xFFCC, 0xFFCC, 0xFFCC, 0xFFCC, 0xFFCC,
	0xFFCC, 0xFFCC, 0xFFCC, 0xFFCC, 0xFFCC, 0xFFCC, 0xFFCC, 0xFFCC, 0xFFCC, 0xFFCC, 0xFFCC, 0xFFCC,
	0xFFCC, 0xFFCC, 0xFFCC, 0xFFCC, 0xFFCC, 0xFFCC, 0xFFCC, 0xFFCC, 0xFFCC, 0xFFCC, 0xFFCC, 0xFFCC,
	0xFFCC, 0xFFCC, 0xFFCC, 0xFFCC, 0xFFCC, 0xFFCC, 0xFFCC, 0xFFCC, 0xFFCC, 0xFFCC, 0xFFCC, 0xFFCC,
	0xFFCC, 0xFFCC, 0xFFCC, 0xFFCC, 0xFFCC, 0xFFCC, 0xFFCC, 0xFFCC, 0xFFCC, 0xFFCC, 0xFFCC, 0xFFCC,
	0xFFCC, 0xFFCC, 0xFFCC, 0xFFCC, 0xFFCC, 0xFFCC, 0xFFCC, 0xFFCC, 0xFFCC, 0xFFCC, 0xFFCC, 0xFFCC,
	0xFFCC, 0xFFAC, 0xFF8C, 0xFFEB, 0xFFEB, 0xFE2C, 0xF9AD, 0xF80E, 0xF80E, 0xF82E, 0xF80E, 0xF80E,
	0xF80E, 0xF80E, 0xF80E, 0xF80E, 0xF80E, 0xF80E, 0xF80E, 0xF80E, 0xF80E, 0xF80E, 0xF80E, 0xF80E,
	0xF80E, 0xF80E, 0xF80E, 0xF80E, 0xF80E, 0xF80E, 0xF80E, 0xF80E, 0xF80E, 0xF80E, 0xF80E, 0xF80E,
	0xF80E, 0xF80E, 0xF80E, 0xF80E, 0xF80E, 0xF80E, 0xF80E, 0xF80E, 0xF80E, 0xF80E, 0xF82E, 0xF80E,
	0xF80E, 0xF9AE, 0xFDED, 0xF7ED, 0xF7ED, 0xFF6D, 0xF78D, 0xF78D, 0xF78D, 0xF78D, 0xF78D, 0xF78D,
	0xF78D, 0xF78D, 0xF78D, 0xF78D, 0xF78D, 0xF78D, 0xF78D, 0xF78D, 0xF78D, 0xF78D, 0xF78D, 0xF78D,
	0xF78D, 0xF78D, 0xF78D, 0xF78D, 0xF78D, 0xF78D, 0xF78D, 0xF78D, 0xF78D, 0xF78D, 0xF78D, 0xF78D,
	0xF78D, 0xF78D, 0xF78D, 0xF78D, 0xF78D, 0xF78D, 0xF78D, 0xF78D, 0xF78D, 0xF78D, 0xF78D, 0xF78D,
	0xF78D, 0xF78D, 0xF78D, 0xF78D, 0xF78D, 0xF78D, 0xF78D, 0xF78D, 0xF78D, 0xF78D, 0xF78D, 0xF78D,
	0xF78D, 0xF78D, 0xF78D, 0xF78D, 0xF78D, 0xF78D, 0xF78D, 0xF78D, 0xF78D, 0xF78D, 0xF78D, 0xF78D,
	0xF78D, 0xF78D, 0xF78D, 0xF78D, 0xF78D, 0xF78D, 0xF78D, 0xF78D, 0xF78D, 0xF78D, 0xFF6D, 0xF7ED,
	0xF7ED, 0xFDED, 0xF9AE, 0xF80E, 0xF80E, 0xF82E, 0xF80E, 0xF80E, 0xF80E, 0xF80E, 0xF80E, 0xF80E,
	0xF80E, 0xF80E, 0xF80E, 0xF80E, 0xF80E, 0xF80E, 0xF80E, 0xF80E, 0xF80E, 0xF80E, 0xF80E, 0xF80E,
	0xF80E, 0xF80E, 0xF80E, 0xF80E, 0xF80E, 0xF80E, 0xF80E, 0xF80E, 0xF80E, 0xF80E, 0xF80E, 0xF80E,
	0xF80E, 0xF80E, 0xF80E, 0xF80E, 0xF80E, 0xF80E, 0xF82E, 0xF80E, 0xF80E, 0xF9AE, 0xFE0D, 0xFFED,
	0xFFED, 0xFF6D, 0xFF8D, 0xFFAD, 0xFFAD, 0xFFAD, 0xFFAD, 0xFFAD, 0xFFAD, 0xFFAD, 0xFFAD, 0xFFAD,
	0xFFAD, 0xFFAD, 0xFFAD, 0xFFAD, 0xFFAD, 0xFFAD, 0xFFAD, 0xFFAD, 0xFFAD, 0xFFAD, 0xFFAD, 0xFFAD,
	0xFFAD, 0xFFAD, 0xFFAD, 0xFFAD, 0xFFAD, 0xFFAD, 0xFFAD, 0xFFAD, 0xFFAD, 0xFFAD, 0xFFAD, 0xFFAD,
	0xFFAD, 0xFFAD, 0xFFAD, 0xFFAD, 0xFFAD, 0xFFAD, 0xFFAD, 0xFFAD, 0xFFAD, 0xFFAD, 0xFFAD, 0xFFAD,
	0xFFAD, 0xFFAD, 0xFFAD, 0xFFAD, 0xFFAD, 0xFFAD, 0xFFAD, 0xFFAD, 0xFFAD, 0xFFAD, 0xFFAD, 0xFFAD,
	0xFFAD, 0xFFAD, 0xFFAD, 0xFFAD, 0xFFAD, 0xFFAD, 0xFFAD, 0xFFAD, 0xFFAD, 0xFFAD, 0xFFAD, 0xFFAD,
	0xFFAD, 0xFFAD, 0xFFAD, 0xFFAD, 0xFFAD, 0xFF8D, 0xFF6D, 0xFFED, 0xFFED, 0xFE0D, 0xF9AE, 0xF80E,
	0xF80E, 0xF82E, 0xF80E, 0xF80E, 0xF80E, 0xF80E, 0xF80E, 0xF80E, 0xF80E, 0xF80E, 0xF80E, 0xF80E,
	0xF80E, 0xF80E, 0xF80E, 0xF80E, 0xF80E, 0xF80E, 0xF80E, 0xF80E, 0xF80E, 0xF80E, 0xF80E, 0xF80E,
	0xF80E, 0xF80E, 0xF80E, 0xF80E, 0xF80E, 0xF80E, 0xF80E, 0xF80E, 0xF80E, 0xF80E, 0xF80E, 0xF80E,
	0xF80E, 0xF80E, 0xF82E, 0xF80E, 0xF80E, 0xF9AE, 0xFE0D, 0xFFEC, 0xFFEC, 0xFF6D, 0xFF8D, 0xFFAD,
	0xFFAD, 0xFFAD, 0xFFAD, 0xFFAD, 0xFFAD, 0xFFAD, 0xFFAD, 0xFFAD, 0xFFAD, 0xFFAD, 0xFFAD, 0xFFAD,
	0xFFAD, 0xFFAD, 0xFFAD, 0xFFAD, 0xFFAD, 0xFFAD, 0xFFAD, 0xFFAD, 0xFFAD, 0xFFAD, 0xFFAD, 0xFFAD,
	0xFFAD, 0xFFAD, 0xFFAD, 0xFFAD, 0xFFAD, 0xFFAD, 0xFFAD, 0xFFAD, 0xFFAD, 0xFFAD, 0xFFAD, 0xFFAD,
	0xFFAD, 0xFFAD, 0xFFAD, 0xFFAD, 0xFFAD, 0xFFAD, 0xFFAD, 0xFFAD, 0xFFAD, 0xFFAD, 0xFFAD, 0xFFAD,
	0xFFAD, 0xFFAD, 0xFFAD, 0xFFAD, 0xFFAD, 0xFFAD, 0xFFAD, 0xFFAD, 0xFFAD, 0xFFAD, 0xFFAD, 0xFFAD,
	0xFFAD, 0xFFAD, 0xFFAD, 0xFFAD, 0xFFAD, 0xFFAD, 0xFFAD, 0xFFAD, 0xFFAD, 0xFFAD, 0xFFAD, 0xFFAD,
	0xFFAD, 0xFF8D, 0xFF6D, 0xFFEC, 0xFFEC, 0xFE0D, 0xF9AE, 0xF80E, 0xF80E, 0xF82E, 0xF80E, 0xF80E,
	0xF80E, 0xF80E, 0xF80E, 0xF80E, 0xF80E, 0xF80E, 0xF80E, 0xF80E, 0xF80E, 0xF80E, 0xF80E, 0xF80E,
	0xF80E, 0xF80E, 0xF80E, 0xF80E, 0xF80E, 0xF80E, 0xF80E, 0xF80E, 0xF80E, 0xF80E, 0xF80E, 0xF80E,
	0xF80E, 0xF80E, 0xF80E, 0xF80E, 0xF80E, 0xF80E, 0xF80E, 0xF80E, 0xF80E, 0xF80E, 0xF82E, 0xF80E,
	0xF80E, 0xF9AE, 0xFE0D, 0xFFEC, 0xFFEC, 0xFF6D, 0xFF8D, 0xFFAD, 0xFFAD, 0xFFAD, 0xFFAD, 0xFFAD,
	0xFFAD, 0xFFAD, 0xFFAD, 0xFFAD, 0xFFAD, 0xFFAD, 0xFFAD, 0xFFAD, 0xFFAD, 0xFFAD, 0xFFAD, 0xFFAD,
	0xFFAD, 0xFFAD, 0xFFAD, 0xFFAD, 0xFFAD, 0xFFAD, 0xFFAD, 0xFFAD, 0xFFAD, 0xFFAD, 0xFFAD, 0xFFAD,
	0xFFAD, 0xFFAD, 0xFFAD, 0xFFAD, 0xFFAD, 0xFFAD, 0xFFAD, 0xFFAD, 0xFFAD, 0xFFAD, 0xFFAD, 0xFFAD,
	0xFFAD, 0xFFAD, 0xFFAD, 0xFFAD, 0xFFAD, 0xFFAD, 0xFFAD, 0xFFAD, 0xFFAD, 0xFFAD, 0xFFAD, 0xFFAD,
	0xFFAD, 0xFFAD, 0xFFAD, 0xFFAD, 0xFFAD, 0xFFAD, 0xFFAD, 0xFFAD, 0xFFAD, 0xFFAD, 0xFFAD, 0xFFAD,
	0xFFAD, 0xFFAD, 0xFFAD, 0xFFAD, 0xFFAD, 0xFFAD, 0xFFAD, 0xFFAD, 0xFFAD, 0xFF8D, 0xFF6D, 0xFFEC,
	0xFFEC, 0xFE0D, 0xF9AE, 0xF80E, 0xF80E, 0xF82E, 0xF80E, 0xF80E, 0xF80E, 0xF80E, 0xF80E, 0xF80E,
	0xF80E, 0xF80E, 0xF80E, 0xF80E, 0xF80E, 0xF80E, 0xF80E, 0xF80E, 0xF80E, 0xF80E, 0xF80E, 0xF80E,
	0xF80E, 0xF80E, 0xF80E, 0xF80E, 0xF80E, 0xF80E, 0xF80E, 0xF80E, 0xF80E, 0xF80E, 0xF80E, 0xF80E,
	0xF80E, 0xF80E, 0xF80E, 0xF80E, 0xF80E, 0xF80E, 0xF82E, 0xF80E, 0xF80E, 0xF9AE, 0xFE0D, 0xFFEC,
	0xFFEC, 0xFF6D, 0xFF8D, 0xFFAD, 0xFFAD, 0xFFAD, 0xFFAD, 0xFFAD, 0xFFAD, 0xFFAD, 0xFFAD, 0xFFAD,
	0xFFAD, 0xFFAD, 0xFFAD, 0xFFAD, 0xFFAD, 0xFFAD, 0xFFAD, 0xFFAD, 0xFFAD, 0xFFAD, 0xFFAD, 0xFFAD,
	0xFFAD, 0xFFAD, 0xFFAD, 0xFFAD, 0xFFAD, 0xFFAD, 0xFFAD, 0xFFAD, 0xFFAD, 0xFFAD, 0xFFAD, 0xFFAD,
	0xFFAD, 0xFFAD, 0xFFAD, 0xFFAD, 0xFFAD, 0xFFAD, 0xFFAD, 0xFFAD, 0xFFAD, 0xFFAD, 0xFFAD, 0xFFAD,
	0xFFAD, 0xFFAD, 0xFFAD, 0xFFAD, 0xFFAD, 0xFFAD, 0xFFAD, 0xFFAD, 0xFFAD, 0xFFAD, 0xFFAD, 0xFFAD,
	0xFFAD, 0xFFAD, 0xFFAD, 0xFFAD, 0xFFAD, 0xFFAD, 0xFFAD, 0xFFAD, 0xFFAD, 0xFFAD, 0xFFAD, 0xFFAD,
	0xFFAD, 0xFFAD, 0xFFAD, 0xFFAD, 0xFFAD, 0xFF8D, 0xFF6D, 0xFFEC, 0xFFEC, 0xFE0D, 0xF9AE, 0xF80E,
	0xF80E, 0xF82E, 0xF80E, 0xF80E, 0xF80E, 0xF80E, 0xF80E, 0xF80E, 0xF80E, 0xF80E, 0xF80E, 0xF80E,
	0xF80E, 0xF80E, 0xF80E, 0xF80E, 0xF80E, 0xF80E, 0xF80E, 0xF80E, 0xF80E, 0xF80E, 0xF80E, 0xF80E,
	0xF80E, 0xF80E, 0xF80E, 0xF80E, 0xF80E, 0xF80E, 0xF80E, 0xF80E, 0xF80E, 0xF80E, 0xF80E, 0xF80E,
	0xF80E, 0xF80E, 0xF82E, 0xF80E, 0xF80E, 0xF9AE, 0xFE0D, 0xFFEC, 0xFFEC, 0xFF6D, 0xFF8D, 0xFFAD,
	0xFFAD, 0xFFAD, 0xFFAD, 0xFFAD, 0xFFAD, 0xFFAD, 0xFFAD, 0xFFAD, 0xFFAD, 0xFFAD, 0xFFAD, 0xFFAD,
	0xFFAD, 0xFFAD, 0xFFAD, 0xFFAD, 0xFFAD, 0xFFAD, 0xFFAD, 0xFFAD, 0xFFAD, 0xFFAD, 0xFFAD, 0xFFAD,
	0xFFAD, 0xFFAD, 0xFFAD, 0xFFAD, 0xFFAD, 0xFFAD, 0xFFAD, 0xFFAD, 0xFFAD, 0xFFAD, 0xFFAD, 0xFFAD,
	0xFFAD, 0xFFAD, 0xFFAD, 0xFFAD, 0xFFAD, 0xFFAD, 0xFFAD, 0xFFAD, 0xFFAD, 0xFFAD, 0xFFAD, 0xFFAD,
	0xFFAD, 0xFFAD, 0xFFAD, 0xFFAD, 0xFFAD, 0xFFAD, 0xFFAD, 0xFFAD, 0xFFAD, 0xFFAD, 0xFFAD, 0xFFAD,
	0xFFAD, 0xFFAD, 0xFFAD, 0xFFAD, 0xFFAD, 0xFFAD, 0xFFAD, 0xFFAD, 0xFFAD, 0xFFAD, 0xFFAD, 0xFFAD,
	0xFFAD, 0xFF8D, 0xFF6D, 0xFFEC, 0xFFEC, 0xFE0D, 0xF9AE, 0xF80E, 0xF80E, 0xF82E, 0xF80E, 0xF80E,
	0xF80E, 0xF80E, 0xF80E, 0xF80E, 0xF80E, 0xF80E, 0xF80E, 0xF80E, 0xF80E, 0xF80E, 0xF80E, 0xF80E,
	0xF80E, 0xF80E, 0xF80E, 0xF80E, 0xF80E, 0xF80E, 0xF80E, 0xF80E, 0xF80E, 0xF80E, 0xF80E, 0xF80E,
	0xF80E, 0xF80E, 0xF80E, 0xF80E, 0xF80E, 0xF80E, 0xF80E, 0xF80E, 0xF80E, 0xF80E, 0xF82E, 0xF80E,
	0xF80E, 0xF9AE, 0xFE0D, 0xFFEC, 0xFFEC, 0xFF6D, 0xFF8D, 0xFFAD, 0xFFAD, 0xFFAD, 0xFFAD, 0xFFAD,
	0xFFAD, 0xFFAD, 0xFFAD, 0xFFAD, 0xFFAD, 0xFFAD, 0xFFAD, 0xFFAD, 0xFFAD, 0xFFAD, 0xFFAD, 0xFFAD,
	0xFFAD, 0xFFAD, 0xFFAD, 0xFFAD, 0xFFAD, 0xFFAD, 0xFFAD, 0xFFAD, 0xFFAD, 0xFFAD, 0xFFAD, 0xFFAD,
	0xFFAD, 0xFFAD, 0xFFAD, 0xFFAD, 0xFFAD, 0xFFAD, 0xFFAD, 0xFFAD, 0xFFAD, 0xFFAD, 0xFFAD, 0xFFAD,
	0xFFAD, 0xFFAD, 0xFFAD, 0xFFAD, 0xFFAD, 0xFFAD, 0xFFAD, 0xFFAD, 0xFFAD, 0xFFAD, 0xFFAD, 0xFFAD,
	0xFFAD, 0xFFAD, 0xFFAD, 0xFFAD, 0xFFAD, 0xFFAD, 0xFFAD, 0xFFAD, 0xFFAD, 0xFFAD, 0xFFAD, 0xFFAD,
	0xFFAD, 0xFFAD, 0xFFAD, 0xFFAD, 0xFFAD, 0xFFAD, 0xFFAD, 0xFFAD, 0xFFAD, 0xFF8D, 0xFF6D, 0xFFEC,
	0xFFEC, 0xFE0D, 0xF9AE, 0xF80E, 0xF80E, 0xF82E, 0xF80E, 0xF80E, 0xF80E, 0xF80E, 0xF80E, 0xF80E,
	0xF80E, 0xF80E, 0xF80E, 0xF80E, 0xF80E, 0xF80E, 0xF80E, 0xF80E, 0xF80E, 0xF80E, 0xF80E, 0xF80E,
	0xF80E, 0xF80E, 0xF80E, 0xF80E, 0xF80E, 0xF80E, 0xF80E, 0xF80E, 0xF80E, 0xF80E, 0xF80E, 0xF80E,
	0xF80E, 0xF80E, 0xF80E, 0xF80E, 0xF80E, 0xF80E, 0xF82E, 0xF80E, 0xF80E, 0xF9AE, 0xFE0D, 0xFFEC,
	0xFFEC, 0xFF6D, 0xFF8D, 0xFFAD, 0xFFAD, 0xFFAD, 0xFFAD, 0xFFAD, 0xFFAD, 0xFFAD, 0xFFAD, 0xFFAD,
	0xFFAD, 0xFFAD, 0xFFAD, 0xFFAD, 0xFFAD, 0xFFAD, 0xFFAD, 0xFFAD, 0xFFAD, 0xFFAD, 0xFFAD, 0xFFAD,
	0xFFAD, 0xFFAD, 0xFFAD, 0xFFAD, 0xFFAD, 0xFFAD, 0xFFAD, 0xFFAD, 0xFFAD, 0xFFAD, 0xFFAD, 0xFFAD,
	0xFFAD, 0xFFAD, 0xFFAD, 0xFFAD, 0xFFAD, 0xFFAD, 0xFFAD, 0xFFAD, 0xFFAD, 0xFFAD, 0xFFAD, 0xFFAD,
	0xFFAD, 0xFFAD, 0xFFAD, 0xFFAD, 0xFFAD, 0xFFAD, 0xFFAD, 0xFFAD, 0xFFAD, 0xFFAD, 0xFFAD, 0xFFAD,
	0xFFAD, 0xFFAD, 0xFFAD, 0xFFAD, 0xFFAD, 0xFFAD, 0xFFAD, 0xFFAD, 0xFFAD, 0xFFAD, 0xFFAD, 0xFFAD,
	0xFFAD, 0xFFAD, 0xFFAD, 0xFFAD, 0xFFAD, 0xFF8D, 0xFF6D, 0xFFEC, 0xFFEC, 0xFE0D, 0xF9AE, 0xF80E,
	0xF80E, 0xF82E, 0xF80E, 0xF80E, 0xF80E, 0xF80E, 0xF80E, 0xF80E, 0xF80E, 0xF80E, 0xF80E, 0xF80E,
	0xF80E, 0xF80E, 0xF80E, 0xF80E, 0xF80E, 0xF80E, 0xF80E, 0xF80E, 0xF80E, 0xF80E, 0xF80E, 0xF80E,
	0xF80E, 0xF80E, 0xF80E, 0xF80E, 0xF80E, 0xF80E, 0xF80E, 0xF80E, 0xF80E, 0xF80E, 0xF80E, 0xF80E,
	0xF80E, 0xF80E, 0xF82E, 0xF80E, 0xF80E, 0xF9AE, 0xFE0D, 0xFFEC, 0xFFEC, 0xFF6D, 0xFF8D, 0xFFAD,
	0xFFAD, 0xFFAD, 0xFFAD, 0xFFAD, 0xFFAD, 0xFFAD, 0xFFAD, 0xFFAD, 0xFFAD, 0xFFAD, 0xFFAD, 0xFFAD,
	0xFFAD, 0xFFAD, 0xFFAD, 0xFFAD, 0xFFAD, 0xFFAD, 0xFFAD, 0xFFAD, 0xFFAD, 0xFFAD, 0xFFAD, 0xFFAD,
	0xFFAD, 0xFFAD, 0xFFAD, 0xFFAD, 0xFFAD, 0xFFAD, 0xFFAD, 0xFFAD, 0xFFAD, 0xFFAD, 0xFFAD, 0xFFAD,
	0xFFAD, 0xFFAD, 0xFFAD, 0xFFAD, 0xFFAD, 0xFFAD, 0xFFAD, 0xFFAD, 0xFFAD, 0xFFAD, 0xFFAD, 0xFFAD,
	0xFFAD, 0xFFAD, 0xFFAD, 0xFFAD, 0xFFAD, 0xFFAD, 0xFFAD, 0xFFAD, 0xFFAD, 0xFFAD, 0xFFAD, 0xFFAD,
	0xFFAD, 0xFFAD, 0xFFAD, 0xFFAD, 0xFFAD, 0xFFAD, 0xFFAD, 0xFFAD, 0xFFAD, 0xFFAD, 0xFFAD, 0xFFAD,
	0xFFAD, 0xFF8D, 0xFF6D, 0xFFEC, 0xFFEC, 0xFE0D, 0xF9AE, 0xF80E, 0xF80E, 0xF82E, 0xF80E, 0xF80E,
	0xF80E, 0xF80E, 0xF80E, 0xF80E, 0xF80E, 0xF80E, 0xF80E, 0xF80E, 0xF80E, 0xF80E, 0xF80E, 0xF80E,
	0xF80E, 0xF80E, 0xF80E, 0xF80E, 0xF80E, 0xF80E, 0xF80E, 0xF80E, 0xF80E, 0xF80E, 0xF80E, 0xF80E,
	0xF80E, 0xF80E, 0xF80E, 0xF80E, 0xF80E, 0xF80E, 0xF80E, 0xF80E, 0xF80E, 0xF80E, 0xF82E, 0xF80E,
	0xF80E, 0xF9AE, 0xFE0D, 0xFFEC, 0xFFEC, 0xFF6D, 0xFF8D, 0xFFAD, 0xFFAD, 0xFFAD, 0xFFAD, 0xFFAD,
	0xFFAD, 0xFFAD, 0xFFAD, 0xFFAD, 0xFFAD, 0xFFAD, 0xFFAD, 0xFFAD, 0xFFAD, 0xFFAD, 0xFFAD, 0xFFAD,
	0xFFAD, 0xFFAD, 0xFFAD, 0xFFAD, 0xFFAD, 0xFFAD, 0xFFAD, 0xFFAD, 0xFFAD, 0xFFAD, 0xFFAD, 0xFFAD,
	0xFFAD, 0xFFAD, 0xFFAD, 0xFFAD, 0xFFAD, 0xFFAD, 0xFFAD, 0xFFAD, 0xFFAD, 0xFFAD, 0xFFAD, 0xFFAD,
	0xFFAD, 0xFFAD, 0xFFAD, 0xFFAD, 0xFFAD, 0xFFAD, 0xFFAD, 0xFFAD, 0xFFAD, 0xFFAD, 0xFFAD, 0xFFAD,
	0xFFAD, 0xFFAD, 0xFFAD, 0xFFAD, 0xFFAD, 0xFFAD, 0xFFAD, 0xFFAD, 0xFFAD, 0xFFAD, 0xFFAD, 0xFFAD,
	0xFFAD, 0xFFAD, 0xFFAD, 0xFFAD, 0xFFAD, 0xFFAD, 0xFFAD, 0xFFAD, 0xFFAD, 0xFF8D, 0xFF6D, 0xFFEC,
	0xFFEC, 0xFE0D, 0xF9AE, 0xF80E, 0xF80E, 0xF82E, 0xF80E, 0xF80E, 0xF80E, 0xF80E, 0xF80E, 0xF80E,
	0xF80E, 0xF80E, 0xF80E, 0xF80E, 0xF80E, 0xF80E, 0xF80E, 0xF80E, 0xF80E, 0xF80E, 0xF80E, 0xF80E,
	0xF80E, 0xF80E, 0xF80E, 0xF80E, 0xF80E, 0xF80E, 0xF80E, 0xF80E, 0xF80E, 0xF80E, 0xF80E, 0xF80E,
	0xF80E, 0xF80E, 0xF80E, 0xF80E, 0xF80E, 0xF80E, 0xF82E, 0xF80E, 0xF80E, 0xF9AE, 0xFE0D, 0xFFEC,
	0xFFEC, 0xFF6D, 0xFF8D, 0xFFAD, 0xFFAD, 0xFFAD, 0xFFAD, 0xFFAD, 0xFFAD, 0xFFAD, 0xFFAD, 0xFFAD,
	0xFFAD, 0xFFAD, 0xFFAD, 0xFFAD, 0xFFAD, 0xFFAD, 0xFFAD, 0xFFAD, 0xFFAD, 0xFFAD, 0xFFAD, 0xFFAD,
	0xFFAD, 0xFFAD, 0xFFAD, 0xFFAD, 0xFFAD, 0xFFAD, 0xFFAD, 0xFFAD, 0xFFAD, 0xFFAD, 0xFFAD, 0xFFAD,
	0xFFAD, 0xFFAD, 0xFFAD, 0xFFAD, 0xFFAD, 0xFFAD, 0xFFAD, 0xFFAD, 0xFFAD, 0xFFAD, 0xFFAD, 0xFFAD,
	0xFFAD, 0xFFAD, 0xFFAD, 0xFFAD, 0xFFAD, 0xFFAD, 0xFFAD, 0xFFAD, 0xFFAD, 0xFFAD, 0xFFAD, 0xFFAD,
	0xFFAD, 0xFFAD, 0xFFAD, 0xFFAD, 0xFFAD, 0xFFAD, 0xFFAD, 0xFFAD, 0xFFAD, 0xFFAD, 0xFFAD, 0xFFAD,
	0xFFAD, 0xFFAD, 0xFFAD, 0xFFAD, 0xFFAD, 0xFF8D, 0xFF6D, 0xFFEC, 0xFFEC, 0xFE0D, 0xF9AE, 0xF80E,
	0xF80E, 0xF82E, 0xF80E, 0xF80E, 0xF80E, 0xF80E, 0xF80E, 0xF80E, 0xF80E, 0xF80E, 0xF80E, 0xF80E,
	0xF80E, 0xF80E, 0xF80E, 0xF80E, 0xF80E, 0xF80E, 0xF80E, 0xF80E, 0xF80E, 0xF80E, 0xF80E, 0xF80E,
	0xF80E, 0xF80E, 0xF80E, 0xF80E, 0xF80E, 0xF80E, 0xF80E, 0xF80E, 0xF80E, 0xF80E, 0xF80E, 0xF80E,
	0xF80E, 0xF80E, 0xF82E, 0xF80E, 0xF80E, 0xF9AE, 0xFE0D, 0xFFEC, 0xFFEC, 0xFF6D, 0xFF8D, 0xFFAD,
	0xFFAD, 0xFFAD, 0xFFAD, 0xFFAD, 0xFFAD, 0xFFAD, 0xFFAD, 0xFFAD, 0xFFAD, 0xFFAD, 0xFFAD, 0xFFAD,
	0xFFAD, 0xFFAD, 0xFFAD, 0xFFAD, 0xFFAD, 0xFFAD, 0xFFAD, 0xFFAD, 0xFFAD, 0xFFAD, 0xFFAD, 0xFFAD,
	0xFFAD, 0xFFAD, 0xFFAD, 0xFFAD, 0xFFAD, 0xFFAD, 0xFFAD, 0xFFAD, 0xFFAD, 0xFFAD, 0xFFAD, 0xFFAD,
	0xFFAD, 0xFFAD, 0xFFAD, 0xFFAD, 0xFFAD, 0xFFAD, 0xFFAD, 0xFFAD, 0xFFAD, 0xFFAD, 0xFFAD, 0xFFAD,
	0xFFAD, 0xFFAD, 0xFFAD, 0xFFAD, 0xFFAD, 0xFFAD, 0xFFAD, 0xFFAD, 0xFFAD, 0xFFAD, 0xFFAD, 0xFFAD,
	0xFFAD, 0xFFAD, 0xFFAD, 0xFFAD, 0xFFAD, 0xFFAD, 0xFFAD, 0xFFAD, 0xFFAD, 0xFFAD, 0xFFAD, 0xFFAD,
	0xFFAD, 0xFF8D, 0xFF6D, 0xFFEC, 0xFFEC, 0xFE0D, 0xF9AE, 0xF80E, 0xF80E, 0xF82E, 0xF80E, 0xF80E,
	0xF80E, 0xF80E, 0xF80E, 0xF80E, 0xF80E, 0xF80E, 0xF80E, 0xF80E, 0xF80E, 0xF80E, 0xF80E, 0xF80E,
	0xF80E, 0xF80E, 0xF80E, 0xF80E, 0xF80E, 0xF80E, 0xF80E, 0xF80E, 0xF80E, 0xF80E, 0xF80E, 0xF80E,
	0xF80E, 0xF80E, 0xF80E, 0xF80E, 0xF80E, 0xF80E, 0xF80E, 0xF80E, 0xF80E, 0xF80E, 0xF82E, 0xF80E,
	0xF80E, 0xF9AE, 0xFE0D, 0xFFEC, 0xFFEC, 0xFF6D, 0xFF8D, 0xFFAD, 0xFFAD, 0xFFAD, 0xFFAD, 0xFFAD,
	0xFFAD, 0xFFAD, 0xFFAD, 0xFFAD, 0xFFAD, 0xFFAD, 0xFFAD, 0xFFAD, 0xFFAD, 0xFFAD, 0xFFAD, 0xFFAD,
	0xFFAD, 0xFFAD, 0xFFAD, 0xFFAD, 0xFFAD, 0xFFAD, 0xFFAD, 0xFFAD, 0xFFAD, 0xFFAD, 0xFFAD, 0xFFAD,
	0xFFAD, 0xFFAD, 0xFFAD, 0xFFAD, 0xFFAD, 0xFFAD, 0xFFAD, 0xFFAD, 0xFFAD, 0xFFAD, 0xFFAD, 0xFFAD,
	0xFFAD, 0xFFAD, 0xFFAD, 0xFFAD, 0xFFAD, 0xFFAD, 0xFFAD, 0xFFAD, 0xFFAD, 0xFFAD, 0xFFAD, 0xFFAD,
	0xFFAD, 0xFFAD, 0xFFAD, 0xFFAD, 0xFFAD, 0xFFAD, 0xFFAD, 0xFFAD, 0xFFAD, 0xFFAD, 0xFFAD, 0xFFAD,
	0xFFAD, 0xFFAD, 0xFFAD, 0xFFAD, 0xFFAD, 0xFFAD, 0xFFAD, 0xFFAD, 0xFFAD, 0xFF8D, 0xFF6D, 0xFFEC,
	0xFFEC, 0xFE0D, 0xF9AE, 0xF80E, 0xF80E, 0xF82E, 0xF80E, 0xF80E, 0xF80E, 0xF80E, 0xF80E, 0xF80E,
	0xF80E, 0xF80E, 0xF80E, 0xF80E, 0xF80E, 0xF80E, 0xF80E, 0xF80E, 0xF80E, 0xF80E, 0xF80E, 0xF80E,
	0xF80E, 0xF80E, 0xF80E, 0xF80E, 0xF80E, 0xF80E, 0xF80E, 0xF80E, 0xF80E, 0xF80E, 0xF80E, 0xF80E,
	0xF80E, 0xF80E, 0xF80E, 0xF80E, 0xF80E, 0xF80E, 0xF82E, 0xF80E, 0xF80E, 0xF9AE, 0xFE0D, 0xFFEC,
	0xFFEC, 0xFF6D, 0xFF8D, 0xFFAD, 0xFFAD, 0xFFAD, 0xFFAD, 0xFFAD, 0xFFAD, 0xFFAD, 0xFFAD, 0xFFAD,
	0xFFAD, 0xFFAD, 0xFFAD, 0xFFAD, 0xFFAD, 0xFFAD, 0xFFAD, 0xFFAD, 0xFFAD, 0xFFAD, 0xFFAD, 0xFFAD,
	0xFFAD, 0xFFAD, 0xFFAD, 0xFFAD, 0xFFAD, 0xFFAD, 0xFFAD, 0xFFAD, 0xFFAD, 0xFFAD, 0xFFAD, 0xFFAD,
	0xFFAD, 0xFFAD, 0xFFAD, 0xFFAD, 0xFFAD, 0xFFAD, 0xFFAD, 0xFFAD, 0xFFAD, 0xFFAD, 0xFFAD, 0xFFAD,
	0xFFAD, 0xFFAD, 0xFFAD, 0xFFAD, 0xFFAD, 0xFFAD, 0xFFAD, 0xFFAD, 0xFFAD, 0xFFAD, 0xFFAD, 0xFFAD,
	0xFFAD, 0xFFAD, 0xFFAD, 0xFFAD, 0xFFAD, 0xFFAD, 0xFFAD, 0xFFAD, 0xFFAD, 0xFFAD, 0xFFAD, 0xFFAD,
	0xFFAD, 0xFFAD, 0xFFAD, 0xFFAD, 0xFFAD, 0xFF8D, 0xFF6D, 0xFFEC, 0xFFEC, 0xFE0D, 0xF9AE, 0xF80E,
	0xF80E, 0xF82E, 0xF80E, 0xF80E, 0xF80E, 0xF80E, 0xF80E, 0xF80E, 0xF80E, 0xF80E, 0xF80E, 0xF80E,
	0xF80E, 0xF80E, 0xF80E, 0xF80E, 0xF80E, 0xF80E, 0xF80E, 0xF80E, 0xF80E, 0xF80E, 0xF80E, 0xF80E,
	0xF80E, 0xF80E, 0xF80E, 0xF80E, 0xF80E, 0xF80E, 0xF80E, 0xF80E, 0xF80E, 0xF80E, 0xF80E, 0xF80E,
	0xF80E, 0xF80E, 0xF82E, 0xF80E, 0xF80E, 0xF9AE, 0xFE0D, 0xFFEC, 0xFFEC, 0xFF6D, 0xFF8D, 0xFFAD,
	0xFFAD, 0xFFAD, 0xFFAD, 0xFFAD, 0xFFAD, 0xFFAD, 0xFFAD, 0xFFAD, 0xFFAD, 0xFFAD, 0xFFAD, 0xFFAD,
	0xFFAD, 0xFFAD, 0xFFAD, 0xFFAD, 0xFFAD, 0xFFAD, 0xFFAD, 0xFFAD, 0xFFAD, 0xFFAD, 0xFFAD, 0xFFAD,
	0xFFAD, 0xFFAD, 0xFFAD, 0xFFAD, 0xFFAD, 0xFFAD, 0xFFAD, 0xFFAD, 0xFFAD, 0xFFAD, 0xFFAD, 0xFFAD,
	0xFFAD, 0xFFAD, 0xFFAD, 0xFFAD, 0xFFAD, 0xFFAD, 0xFFAD, 0xFFAD, 0xFFAD, 0xFFAD, 0xFFAD, 0xFFAD,
	0xFFAD, 0xFFAD, 0xFFAD, 0xFFAD, 0xFFAD, 0xFFAD, 0xFFAD, 0xFFAD, 0xFFAD, 0xFFAD, 0xFFAD, 0xFFAD,
	0xFFAD, 0xFFAD, 0xFFAD, 0xFFAD, 0xFFAD, 0xFFAD, 0xFFAD, 0xFFAD, 0xFFAD, 0xFFAD, 0xFFAD, 0xFFAD,
	0xFFAD, 0xFF8D, 0xFF6D, 0xFFEC, 0xFFEC, 0xFE0D, 0xF9AE, 0xF80E, 0xF80E, 0xF82E, 0xF80E, 0xF80E,
	0xF80E, 0xF80E, 0xF80E, 0xF80E, 0xF80E, 0xF80E, 0xF80E, 0xF80E, 0xF80E, 0xF80E, 0xF80E, 0xF80E,
	0xF80E, 0xF80E, 0xF80E, 0xF80E, 0xF80E, 0xF80E, 0xF80E, 0xF80E, 0xF80E, 0xF80E, 0xF80E, 0xF80E,
	0xF80E, 0xF80E, 0xF80E, 0xF80E, 0xF80E, 0xF80E, 0xF80E, 0xF80E, 0xF80E, 0xF80E, 0xF82E, 0xF80E,
	0xF80E, 0xF9AE, 0xFE0D, 0xFFEC, 0xFFEC, 0xFF6D, 0xFF8D, 0xFFAD, 0xFFAD, 0xFFAD, 0xFFAD, 0xFFAD,
	0xFFAD, 0xFFAD, 0xFFAD, 0xFFAD, 0xFFAD, 0xFFAD, 0xFFAD, 0xFFAD, 0xFFAD, 0xFFAD, 0xFFAD, 0xFFAD,
	0xFFAD, 0xFFAD, 0xFFAD, 0xFFAD, 0xFFAD, 0xFFAD, 0xFFAD, 0xFFAD, 0xFFAD, 0xFFAD, 0xFFAD, 0xFFAD,
	0xFFAD, 0xFFAD, 0xFFAD, 0xFFAD, 0xFFAD, 0xFFAD, 0xFFAD, 0xFFAD, 0xFFAD, 0xFFAD, 0xFFAD, 0xFFAD,
	0xFFAD, 0xFFAD, 0xFFAD, 0xFFAD, 0xFFAD, 0xFFAD, 0xFFAD, 0xFFAD, 0xFFAD, 0xFFAD, 0xFFAD, 0xFFAD,
	0xFFAD, 0xFFAD, 0xFFAD, 0xFFAD, 0xFFAD, 0xFFAD, 0xFFAD, 0xFFAD, 0xFFAD, 0xFFAD, 0xFFAD, 0xFFAD,
	0xFFAD, 0xFFAD, 0xFFAD, 0xFFAD, 0xFFAD, 0xFFAD, 0xFFAD, 0xFFAD, 0xFFAD, 0xFF8D, 0xFF6D, 0xFFEC,
	0xFFEC, 0xFE0D, 0xF9AE, 0xF80E, 0xF80E, 0xF82E, 0xF80E, 0xF80E, 0xF80E, 0xF80E, 0xF80E, 0xF80E,
	0xF80E, 0xF80E, 0xF80E, 0xF80E, 0xF80E, 0xF80E, 0xF80E, 0xF80E, 0xF80E, 0xF80E, 0xF80E, 0xF80E,
	0xF80E, 0xF80E, 0xF80E, 0xF80E, 0xF80E, 0xF80E, 0xF80E, 0xF80E, 0xF80E, 0xF80E, 0xF80E, 0xF80E,
	0xF80E, 0xF80E, 0xF80E, 0xF80E, 0xF80E, 0xF80E, 0xF82E, 0xF80E, 0xF80E, 0xF9AE, 0xFE0D, 0xFFEC,
	0xFFEC, 0xFF6D, 0xFF8D, 0xFFAD, 0xFFAD, 0xFFAD, 0xFFAD, 0xFFAD, 0xFFAD, 0xFFAD, 0xFFAD, 0xFFAD,
	0xFFAD, 0xFFAD, 0xFFAD, 0xFFAD, 0xFFAD, 0xFFAD, 0xFFAD, 0xFFAD, 0xFFAD, 0xFFAD, 0xFFAD, 0xFFAD,
	0xFFAD, 0xFFAD, 0xFFAD, 0xFFAD, 0xFFAD, 0xFFAD, 0xFFAD, 0xFFAD, 0xFFAD, 0xFFAD, 0xFFAD, 0xFFAD,
	0xFFAD, 0xFFAD, 0xFFAD, 0xFFAD, 0xFFAD, 0xFFAD, 0xFFAD, 0xFFAD, 0xFFAD, 0xFFAD, 0xFFAD, 0xFFAD,
	0xFFAD, 0xFFAD, 0xFFAD, 0xFFAD, 0xFFAD, 0xFFAD, 0xFFAD, 0xFFAD, 0xFFAD, 0xFFAD, 0xFFAD, 0xFFAD,
	0xFFAD, 0xFFAD, 0xFFAD, 0xFFAD, 0xFFAD, 0xFFAD, 0xFFAD, 0xFFAD, 0xFFAD, 0xFFAD, 0xFFAD, 0xFFAD,
	0xFFAD, 0xFFAD, 0xFFAD, 0xFFAD, 0xFFAD, 0xFF8D, 0xFF6D, 0xFFEC, 0xFFEC, 0xFE0D, 0xF9AE, 0xF80E,
	0xF80E, 0xF82E, 0xF80E, 0xF80E, 0xF80E, 0xF80E, 0xF80E, 0xF80E, 0xF80E, 0xF80E, 0xF80E, 0xF80E,
	0xF80E, 0xF80E, 0xF80E, 0xF80E, 0xF80E, 0xF80E, 0xF80E, 0xF80E, 0xF80E, 0xF80E, 0xF80E, 0xF80E,
	0xF80E, 0xF80E, 0xF80E, 0xF80E, 0xF80E, 0xF80E, 0xF80E, 0xF80E, 0xF80E, 0xF80E, 0xF80E, 0xF80E,
	0xF80E, 0xF80E, 0xF82E, 0xF80E, 0xF80E, 0xF9AE, 0xFE0D, 0xFFEC, 0xFFEC, 0xFF6D, 0xFF8D, 0xFFAD,
	0xFFAD, 0xFFAD, 0xFFAD, 0xFFAD, 0xFFAD, 0xFFAD, 0xFFAD, 0xFFAD, 0xFFAD, 0xFFAD, 0xFFAD, 0xFFAD,
	0xFFAD, 0xFFAD, 0xFFAD, 0xFFAD, 0xFFAD, 0xFFAD, 0xFFAD, 0xFFAD, 0xFFAD, 0xFFAD, 0xFFAD, 0xFFAD,
	0xFFAD, 0xFFAD, 0xFFAD, 0xFFAD, 0xFFAD, 0xFFAD, 0xFFAD, 0xFFAD, 0xFFAD, 0xFFAD, 0xFFAD, 0xFFAD,
	0xFFAD, 0xFFAD, 0xFFAD, 0xFFAD, 0xFFAD, 0xFFAD, 0xFFAD, 0xFFAD, 0xFFAD, 0xFFAD, 0xFFAD, 0xFFAD,
	0xFFAD, 0xFFAD, 0xFFAD, 0xFFAD, 0xFFAD, 0xFFAD, 0xFFAD, 0xFFAD, 0xFFAD, 0xFFAD, 0xFFAD, 0xFFAD,
	0xFFAD, 0xFFAD, 0xFFAD, 0xFFAD, 0xFFAD, 0xFFAD, 0xFFAD, 0xFFAD, 0xFFAD, 0xFFAD, 0xFFAD, 0xFFAD,
	0xFFAD, 0xFF8D, 0xFF6D, 0xFFEC, 0xFFEC, 0xFE0D, 0xF9AE, 0xF80E, 0xF80E, 0xF82E, 0xF80E, 0xF80E,
	0xF80E, 0xF80E, 0xF80E, 0xF80E, 0xF80E, 0xF80E, 0xF80E, 0xF80E, 0xF80E, 0xF80E, 0xF80E, 0xF80E,
	0xF80E, 0xF80E, 0xF80E, 0xF80E, 0xF80E, 0xF80E, 0xF80E, 0xF80E, 0xF80E, 0xF80E, 0xF80E, 0xF80E,
	0xF80E, 0xF80E, 0xF80E, 0xF80E, 0xF80E, 0xF80E, 0xF80E, 0xF80E, 0xF80E, 0xF80E, 0xF82E, 0xF80E,
	0xF80E, 0xF9AE, 0xFE0D, 0xFFEC, 0xFFEC, 0xFF6D, 0xFF8D, 0xFFAD, 0xFFAD, 0xFFAD, 0xFFAD, 0xFFAD,
	0xFFAD, 0xFFAD, 0xFFAD, 0xFFAD, 0xFFAD, 0xFFAD, 0xFFAD, 0xFFAD, 0xFFAD, 0xFFAD, 0xFFAD, 0xFFAD,
	0xFFAD, 0xFFAD, 0xFFAD, 0xFFAD, 0xFFAD, 0xFFAD, 0xFFAD, 0xFFAD, 0xFFAD, 0xFFAD, 0xFFAD, 0xFFAD,
	0xFFAD, 0xFFAD, 0xFFAD, 0xFFAD, 0xFFAD, 0xFFAD, 0xFFAD, 0xFFAD, 0xFFAD, 0xFFAD, 0xFFAD, 0xFFAD,
	0xFFAD, 0xFFAD, 0xFFAD, 0xFFAD, 0xFFAD, 0xFFAD, 0xFFAD, 0xFFAD, 0xFFAD, 0xFFAD, 0xFFAD, 0xFFAD,
	0xFFAD, 0xFFAD, 0xFFAD, 0xFFAD, 0xFFAD, 0xFFAD, 0xFFAD, 0xFFAD, 0xFFAD, 0xFFAD, 0xFFAD, 0xFFAD,
	0xFFAD, 0xFFAD, 0xFFAD, 0xFFAD, 0xFFAD, 0xFFAD, 0xFFAD, 0xFFAD, 0xFFAD, 0xFF8D, 0xFF6D, 0xFFEC,
	0xFFEC, 0xFE0D, 0xF9AE, 0xF80E, 0xF80E, 0xF82E, 0xF80E, 0xF80E, 0xF80E, 0xF80E, 0xF80E, 0xF80E,
	0xF80E, 0xF80E, 0xF80E, 0xF80E, 0xF80E, 0xF80E, 0xF80E, 0xF80E, 0xF80E, 0xF80E, 0xF80E, 0xF80E,
	0xF80E, 0xF80E, 0xF80E, 0xF80E, 0xF80E, 0xF80E, 0xF80E, 0xF80E, 0xF80E, 0xF80E, 0xF80E, 0xF80E,
	0xF80E, 0xF80E, 0xF80E, 0xF80E, 0xF80E, 0xF80E, 0xF82E, 0xF80E, 0xF80E, 0xF9AE, 0xFE0D, 0xFFEC,
	0xFFEC, 0xFF6D, 0xFF8D, 0xFFAD, 0xFFAD, 0xFFAD, 0xFFAD, 0xFFAD, 0xFFAD, 0xFFAD, 0xFFAD, 0xFFAD,
	0xFFAD, 0xFFAD, 0xFFAD, 0xFFAD, 0xFFAD, 0xFFAD, 0xFFAD, 0xFFAD, 0xFFAD, 0xFFAD, 0xFFAD, 0xFFAD,
	0xFFAD, 0xFFAD, 0xFFAD, 0xFFAD, 0xFFAD, 0xFFAD, 0xFFAD, 0xFFAD, 0xFFAD, 0xFFAD, 0xFFAD, 0xFFAD,
	0xFFAD, 0xFFAD, 0xFFAD, 0xFFAD, 0xFFAD, 0xFFAD, 0xFFAD, 0xFFAD, 0xFFAD, 0xFFAD, 0xFFAD, 0xFFAD,
	0xFFAD, 0xFFAD, 0xFFAD, 0xFFAD, 0xFFAD, 0xFFAD, 0xFFAD, 0xFFAD, 0xFFAD, 0xFFAD, 0xFFAD, 0xFFAD,
	0xFFAD, 0xFFAD, 0xFFAD, 0xFFAD, 0xFFAD, 0xFFAD, 0xFFAD, 0xFFAD, 0xFFAD, 0xFFAD, 0xFFAD, 0xFFAD,
	0xFFAD, 0xFFAD, 0xFFAD, 0xFFAD, 0xFFAD, 0xFF8D, 0xFF6D, 0xFFEC, 0xFFEC, 0xFE0D, 0xF9AE, 0xF80E,
	0xF80E, 0xF82E, 0xF80E, 0xF80E, 0xF80E, 0xF80E, 0xF80E, 0xF80E, 0xF80E, 0xF80E, 0xF80E, 0xF80E,
	0xF80E, 0xF80E, 0xF80E, 0xF80E, 0xF80E, 0xF80E, 0xF80E, 0xF80E, 0xF80E, 0xF80E, 0xF80E, 0xF80E,
	0xF80E, 0xF80E, 0xF80E, 0xF80E, 0xF80E, 0xF80E, 0xF80E, 0xF80E, 0xF80E, 0xF80E, 0xF80E, 0xF80E,
	0xF80E, 0xF80E, 0xF82E, 0xF80E, 0xF80E, 0xF9AE, 0xFE0D, 0xFFEC, 0xFFEC, 0xFF6D, 0xFF8D, 0xFFAD,
	0xFFAD, 0xFFAD, 0xFFAD, 0xFFAD, 0xFFAD, 0xFFAD, 0xFFAD, 0xFFAD, 0xFFAD, 0xFFAD, 0xFFAD, 0xFFAD,
	0xFFAD, 0xFFAD, 0xFFAD, 0xFFAD, 0xFFAD, 0xFFAD, 0xFFAD, 0xFFAD, 0xFFAD, 0xFFAD, 0xFFAD, 0xFFAD,
	0xFFAD, 0xFFAD, 0xFFAD, 0xFFAD, 0xFFAD, 0xFFAD, 0xFFAD, 0xFFAD, 0xFFAD, 0xFFAD, 0xFFAD, 0xFFAD,
	0xFFAD, 0xFFAD, 0xFFAD, 0xFFAD, 0xFFAD, 0xFFAD, 0xFFAD, 0xFFAD, 0xFFAD, 0xFFAD, 0xFFAD, 0xFFAD,
	0xFFAD, 0xFFAD, 0xFFAD, 0xFFAD, 0xFFAD, 0xFFAD, 0xFFAD, 0xFFAD, 0xFFAD, 0xFFAD, 0xFFAD, 0xFFAD,
	0xFFAD, 0xFFAD, 0xFFAD, 0xFFAD, 0xFFAD, 0xFFAD, 0xFFAD, 0xFFAD, 0xFFAD, 0xFFAD, 0xFFAD, 0xFFAD,
	0xFFAD, 0xFF8D, 0xFF6D, 0xFFEC, 0xFFEC, 0xFE0D, 0xF9AE, 0xF80E, 0xF80E, 0xF82E, 0xF80E, 0xF80E,
	0xF80E, 0xF80E, 0xF80E, 0xF80E, 0xF80E, 0xF80E, 0xF80E, 0xF80E, 0xF80E, 0xF80E, 0xF80E, 0xF80E,
	0xF80E, 0xF80E, 0xF80E, 0xF80E,
};
